State,Date,Time,Cumulative case count,Cumulative deaths,Tests conducted (negative),Tests conducted (total),Hospitalisations (count),Intensive care (count),Ventilator usage (count),Recovered (cumulative),Update Source,Notes
SA,23/01/2020,,0,,,6,,,,,SA Health website,
VIC,25/01/2020,,1,,,,,,,,Victoria DHHS,
NSW,25/01/2020,,3,,,,,,,,NSW Health media release,
NSW,27/01/2020,,4,,,,,,,,NSW Health,
QLD,28/01/2020,,0,,,6,,,,,Queensland Health,
SA,29/01/2020,,0,,,10,,,,,SA Health website,
QLD,29/01/2020,,1,,,,,,,,Queensland Health,
VIC,29/01/2020,,2,,,,,,,,Victoria DHHS,
QLD,30/01/2020,,2,,,,,,,,Queensland Health,
VIC,30/01/2020,,3,,,79,,,,,Victoria DHHS,
NSW,30/01/2020,,4,,,74,,,,,NSW Health,
SA,31/01/2020,,0,,,17,,,,,SA Health website,
NSW,31/01/2020,,4,,,76,,,,,NSW Health,
SA,01/02/2020,,0,,,25,,,,,SA Health website,
NSW,01/02/2020,,4,,,100,,,,,NSW Health,
VIC,01/02/2020,,4,,,162,,,,,Victoria DHHS,
SA,02/02/2020,,2,,,34,,,,,SA Health website,
NSW,02/02/2020,,4,,,128,,,,,NSW Health,
SA,03/02/2020,,2,,,56,,,,,SA Health website,
NSW,03/02/2020,,4,,,158,,,,,NSW Health,
SA,04/02/2020,,2,,,88,,,,,SA Health website,
QLD,04/02/2020,,3,,,,,,,,Queensland Health,
NSW,04/02/2020,,4,,,199,,,,,NSW Health,
NSW,05/02/2020,,4,,,335,,,,,NSW Health,
QLD,05/02/2020,,4,,,,,,,,Queensland Health,
NSW,06/02/2020,,4,,,345,,,,,NSW Health,
QLD,06/02/2020,,5,,,,,,,,Queensland Health,
NSW,07/02/2020,,4,,,393,,,,,NSW Health,
NSW,08/02/2020,,4,,,562,,,,,NSW Health,
NSW,09/02/2020,,4,,,629,,,,,NSW Health,
NSW,10/02/2020,,4,,,674,,,,,NSW Health,
NSW,11/02/2020,,4,,,691,,,,,NSW Health,
NSW,12/02/2020,,4,,,818,,,,,NSW Health,
NSW,13/02/2020,,4,,,884,,,,,NSW Health,
NSW,14/02/2020,,4,,,1053,,,,,NSW Health,
NSW,16/02/2020,,4,,,1188,,,,,NSW Health,
NSW,17/02/2020,,4,,,1222,,,,,NSW Health,
NSW,18/02/2020,,4,,,1401,,,,,NSW Health,
NSW,19/02/2020,,4,,,1551,,,,,NSW Health,
SA,20/02/2020,,2,,,,,,,,SA Health website,
NSW,20/02/2020,,4,,,1702,,,,,NSW Health,
WA,21/02/2020,,1,,,,,,,,media release,
NSW,21/02/2020,,4,,,1819,,,,,NSW Health,
NSW,22/02/2020,,4,,,1983,,,,,NSW Health,
QLD,22/02/2020,,7,,,,,,,,Queensland Health,
NSW,23/02/2020,,4,,,2034,,,,,NSW Health,
SA,24/02/2020,,3,,,,,,,,SA Health website,
NSW,24/02/2020,,4,,,2074,,,,,NSW Health,
NSW,25/02/2020,,4,,,2253,,,,,NSW Health,
QLD,25/02/2020,,8,,,,,,,,Queensland Health,
NSW,26/02/2020,,4,,,2480,,,,,NSW Health,
WA,28/02/2020,,2,,,,,,,,media reports: https://www.abc.net.au/news/2020-02-28/second-case-of-coronavirus-confirmed-in-wa/12011876,
QLD,29/02/2020,,9,,,,,,,,Queensland Health,
NSW,01/03/2020,,5,,,,,,,,NSW Health media release,4 of 5 cases discharged 
NSW,01/03/2020,,6,,,,,,,,NSW Health media release,
VIC,01/03/2020,,9,,,,,,,,Victoria DHHS,
WA,01/03/2020,,,1,594,594,,,,,WA Health,
SA,03/03/2020,,3,,,,,,,,SA Health website,
NSW,03/03/2020,,9,,,,,,,,NSW Health,
QLD,03/03/2020,,10,,,,,,,,Queensland Health,
NSW,03/03/2020,,15,,,,,,,,NSW Health,
NSW,03/03/2020,,,1,,,,,,,Media report https://www.theguardian.com/world/2020/mar/04/australian-coronavirus-cases-rise-to-41-amid-two-cases-of-community-transmission,
SA,04/03/2020,,5,,,,,,,,SA Health website,
VIC,04/03/2020,,10,,,,,,,,Victoria DHHS,
QLD,04/03/2020,,11,,,,,,,,Queensland Health,
NSW,04/03/2020,,16,1,,,,,,,NSW Health,
NSW,04/03/2020,,22,1,,,,,,,NSW Health media release,
WA,05/03/2020,,3,,973,976,,,,,media release,
SA,05/03/2020,,7,,,,,,,,SA Health website,
QLD,05/03/2020,,13,,,,,,,,Queensland Health,
NSW,05/03/2020,,22,1,,,,,,,NSW Health media release,4 of 22 cases discharged 
NSW,05/03/2020,,25,1,,,,,,,NSW Health media release,
TAS,06/03/2020,,1,,,49,,,,,Tasmania Department of Health,
SA,06/03/2020,,7,,,,,,,,SA Health website,
QLD,06/03/2020,,14,,,,,,,,Queensland Health,
NSW,06/03/2020,,28,1,,,,,,,NSW Health media release,
VIC,07/03/2020,,11,,,,,,,,Victoria DHHS,
NSW,07/03/2020,,34,1,6217,6796,,,,,NSW Health media release,
NSW,07/03/2020,21:00,36,1,6690,7214,,,,,NSW Health media release,
TAS,08/03/2020,,2,,,114,,,,,Tasmania Department of Health,
WA,08/03/2020,,4,,1665,1669,,,,,,
VIC,08/03/2020,,12,,,,,,,,Victoria DHHS,
QLD,08/03/2020,,15,,,,,,,,Queensland Health,
NSW,08/03/2020,09:00,38,1,6690,7216,,,,,NSW Health media release,
NSW,08/03/2020,,40,2,7361,8008,,,,,NSW Health media release,
TAS,09/03/2020,,2,,,126,,,,,Tasmania Department of Health,
WA,09/03/2020,,6,,1796,1802,,,,,,
VIC,09/03/2020,,15,,,,,,,,Victoria DHHS,
NSW,09/03/2020,14:00,47,2,7848,8371,,,,,NSW Health media release,
SA,10/03/2020,,7,,,,,,,,SA Health website,
QLD,10/03/2020,,18,,,,,,,,Queensland Health,
VIC,10/03/2020,,18,,,,,,,,Victoria DHHS,
NSW,10/03/2020,07:00,55,2,8361,9034,,,,,NSW Health media release,
NSW,10/03/2020,20:00,61,2,9096,10165,,,,,NSW Health media release,
TAS,11/03/2020,,3,,,,,,,,Tasmania Department of Health,
SA,11/03/2020,,9,,,,,,,,SA Health website,
WA,11/03/2020,,9,,,,,,,,,
QLD,11/03/2020,,20,,,,,,,,Queensland Health,
VIC,11/03/2020,,21,,,,,,,,Victoria DHHS,
NSW,11/03/2020,13:42,65,2,9152,10221,,,,,NSW Health,
ACT,12/03/2020,,1,,,,,,,,ACT Health,
TAS,12/03/2020,,3,,,,,,,,Tasmania Department of Health,
SA,12/03/2020,,12,,,,,,,,SA Health website,
QLD,12/03/2020,,27,,,,,,,,Queensland Health,
VIC,12/03/2020,,27,,,,,,,,Victoria DHHS,
NSW,12/03/2020,13:00,78,2,11040,14856,,,,,NSW Health media release,
ACT,13/03/2020,,1,,,,,,,,ACT Health,
TAS,13/03/2020,,4,,,,,,,,Tasmania Department of Health,
WA,13/03/2020,,14,,3788,3802,,,,,,
SA,13/03/2020,,16,,,,,,,,SA Health website,
QLD,13/03/2020,,35,,,,,,,,Queensland Health,
VIC,13/03/2020,,36,,,,,,,,Victoria DHHS,
NSW,13/03/2020,11:00,92,3,14665,16685,,,,,NSW Health media release,
ACT,14/03/2020,,1,,,,,,,,ACT Health,
TAS,14/03/2020,,5,,,283,,,,,Tasmania Department of Health,
SA,14/03/2020,,19,,,,,,,,SA Health website,
QLD,14/03/2020,,46,,,,,,,,Queensland Health,
VIC,14/03/2020,17:02,49,,,,,,,,Victoria DHHS,
NSW,14/03/2020,11:00,112,4,18716,20496,,,,,NSW Health media release,
NT,15/03/2020,11:57,0,,,,,,,,NT Health website,
TAS,15/03/2020,10:30,6,,,359,,,,,health.gov.au,
TAS,15/03/2020,,7,,,,,,,,Tasmania Department of Health,
SA,15/03/2020,,20,,,,,,,,SA Health website,
VIC,15/03/2020,11:01,57,,,,,,,,Victoria DHHS,
QLD,15/03/2020,16.44,61,,,,,,,,Queensland Health,
NSW,15/03/2020,11:00,134,4,20511,22567,,,,,NSW Health,*1 is from Victoria and counted as Victorian in national figures
NSW,15/03/2020,,134,4,,,,,,,NSW Health,
ACT,16/03/2020,08:19,2,,,,,,,,ACT Health,
WA,16/03/2020,12:30,28,1,5878,5906,,,,,Website,
SA,16/03/2020,,29,,,,,,,,Media release,
QLD,16/03/2020,16:58,68,,,,,,,,Queensland Health email,
VIC,16/03/2020,14:33,71,,,11700,,,,,Victoria DHHS email,
NSW,16/03/2020,11:00,171,4,25511,26964,,,,,NSW Health,
TAS,17/03/2020,,7,,,,,,,,media release,
WA,17/03/2020,13:00,31,1,6582,6613,,,,,website,
SA,17/03/2020,,32,,,,,,,,media release,
QLD,17/03/2020,18:31,78,,,,,,,,media released,
VIC,17/03/2020,14:25,94,,,,,,,,Victoria DHHS,
NSW,17/03/2020,11:00,210,4,28552,30244,,,,,NSW Health,
NSW,17/03/2020,,,5,,,,,,,NSW Health media release,
NT,18/03/2020,,0,,,,,,,,health.gov.au,Sets the case count for NT to zero as it is now counted in NSW
ACT,18/03/2020,08:03,3,,,,,,,,ACT health email,
ACT,18/03/2020,,3,,,,,,,,ACT Health,
TAS,18/03/2020,,10,,,,,,,,website,
WA,18/03/2020,,35,1,7039,,,,,,website,
SA,18/03/2020,,37,,,,,,,,media release,
QLD,18/03/2020,,94,,,,,,,,media release,
VIC,18/03/2020,13:45,121,,,15200,,,,,Victoria DHHS,Actual testing figures quote is approximate - More than 15200 tested to date
NSW,18/03/2020,11:00,267,5,33387,35800,,,,,NSW Health,
ACT,19/03/2020,14:19,4,,1853,1857,,,,,media release,
TAS,19/03/2020,,10,,,707,,,,,media release,
SA,19/03/2020,17:00,42,,,15000,,,,,media release,
WA,19/03/2020,18:10,52,1,7956,8008,,,,,website,
QLD,19/03/2020,,144,,,27064,,,,,website,
VIC,19/03/2020,14:46,150,,,17180,,,,,Victoria DHHS,
NSW,19/03/2020,12:30,307,6,,39089,,,,,NSW Health media release,press conference update
NSW,19/03/2020,,353,,,,,,,,media release,
NT,20/03/2020,14:00,2,,,,,,,,health.gov.au,
NT,20/03/2020,,3,,,,,,,,media release,
ACT,20/03/2020,15:38,6,,2056,,,,,,ACT health email,
SA,20/03/2020,19:15,50,,,16717,,,,,media release,
WA,20/03/2020,,64,,8539,8603,,,,,,
VIC,20/03/2020,17:32,178,,,19337,,,,,Victoria DHHS email,
QLD,20/03/2020,17:24,184,,,,,,,,QLD Health email,
NSW,20/03/2020,,382,,40298,40651,,6,,,press conference,
NSW,20/03/2020,13:28,436,,,46892,,,,,media release,
NT,21/03/2020,,5,,,,,,,,Media release ,
ACT,21/03/2020,11:19,9,,2212,2221,,,,,media release,
TAS,21/03/2020,12,16,,,,,,,,DHHS Tasmania,
SA,21/03/2020,20:12,57,,,,,,,,Media release,
WA,21/03/2020,17.35,90,,9130,,,,,,Health WA,
QLD,21/03/2020,,221,,,,,,,,press conference,
QLD,21/03/2020,12:05,221,,,,,,,,Media release ,
VIC,21/03/2020,14.25,229,,,20500,,,,,Victoria DHHS,
NSW,21/03/2020,13:00,533,,52130,52633,,,,,Media release ,
ACT,22/03/2020,13:20,19,,2395,,,,,,Media release ,
TAS,22/03/2020,21:07,22,,,,,,,,media release,
SA,22/03/2020,20:45,100,,,,,,,,media release,
WA,22/03/2020,15:30,120,,,9500,,,,,press conference,
QLD,22/03/2020,17:30,259,,,,,,,,Media release ,
VIC,22/03/2020,13:10,296,,,22900,,,,,Media release ,
NSW,22/03/2020,08:15,669,,56272,56941,,10,,,press conference,
TAS,23/03/2020,21:08,28,,,,,,,,media release,
ACT,23/03/2020,15:15,32,,2576,,,,,,media release,
SA,23/03/2020,15:00,134,,,,,,,,national summary,
WA,23/03/2020,15:00,140,,9948,10088,,,,,media release,
QLD,23/03/2020,10:00,319,,,32000,,,,,press conference,
VIC,23/03/2020,14:15,355,,,23700,6,,,96,media release,
NSW,23/03/2020,15:00,704,,,,,,,,national summary,
NSW,23/03/2020,08:07,818,7,61030,61848,,,,,media release,
NT,24/03/2020,10:50,6,,,,,,,,media release,
ACT,24/03/2020,13:05,39,,,,3,,,,media release,
SA,24/03/2020,17:36,170,,,,,,,,national summary,
WA,24/03/2020,17:36,175,,10353,10528,,,,,national summary,
QLD,24/03/2020,17:36,397,,,38860,,,,,national summary,
VIC,24/03/2020,13:06,411,,,,,,,,media release,
NSW,24/03/2020,17:36,913,,,,,,,,national summary,
NSW,24/03/2020,20:00,1029,,,68177,,10,,,press conference,
NT,25/03/2020,17:12,5,,,,,,,,national summary,
NT,25/03/2020,19:51,6,,,,,,,,media release,
TAS,25/03/2020,17:12,34,,,,,,,,national summary,
TAS,25/03/2020,19:55,42,,,1272,,,,,media release,
ACT,25/03/2020,17:12,44,,2964,3008,,,,,national summary,
SA,25/03/2020,17:12,197,,,,,,,,national summary,
WA,25/03/2020,17:12,205,,,10783,,,,6,national summary,
QLD,25/03/2020,17:12,443,,,,,,,,national summary,
VIC,25/03/2020,17:12,466,,,,,,,,national summary,
NSW,25/03/2020,17:12,1029,,,,,,,,national summary,
NSW,25/03/2020,20:00,1219,,72787,74006,,16,,,media release,
QLD,25/03/2020,,,1,,,,,,,media release,
NT,26/03/2020,21:57,12,,,,,,,,,
TAS,26/03/2020,19:35,47,,,,,,,,media release,
ACT,26/03/2020,13:19,53,,3216,,,,,,media release,
WA,26/03/2020,,231,2,11288,11519,,,,,media release,
SA,26/03/2020,,235,,,,,,,,national summary,
QLD,26/03/2020,,493,,,38860,,,,,media release,
VIC,26/03/2020,14:05,520,2,,26900,,,,149,media release,
NSW,26/03/2020,08:34,1405,,,,,,,,national summary,
NSW,26/03/2020,20:00,1405,,76284,77689,134,19,,,media release,
TAS,27/03/2020,22:15,58,,,1779,,,,,media release,
ACT,27/03/2020,12:18,62,,3698,,,,,,media release,
WA,27/03/2020,15:00,255,,,,,,,,national summary,
SA,27/03/2020,15:00,257,,,23500,,,,,media release,
QLD,27/03/2020,16:30,555,,,,,,,,media release,
VIC,27/03/2020,15:04,574,3,,27800,,,,,media release,
NSW,27/03/2020,23:00,1617,8,,,147,22,,,media release,
NT,28/03/2020,,14,,,,,,,,national summary,
TAS,28/03/2020,,58,,,,,,,,national summary,
ACT,28/03/2020,13:31,71,,3988,4059,6,,,2,media release,
WA,28/03/2020,,278,,,,,,,,national summary,
SA,28/03/2020,,287,,,,,,,,national summary,
QLD,28/03/2020,23:00,625,,,,,,,,media release,
VIC,28/03/2020,23:00,685,4,,,,,,,media release,
NSW,28/03/2020,20:00,1791,,91308,93099,,,,,national summary,
TAS,29/03/2020,12:00,62,,,,,,,,media release,
TAS,29/03/2020,,66,,,,,,,,media release,
ACT,29/03/2020,12:15,77,,4230,,6,,,,,
SA,29/03/2020,16:50,299,,,26000,,6,,,press conference,
WA,29/03/2020,18:56,311,,13337,13648,,,,,media release,
QLD,29/03/2020,11:30,656,2,,,,,,,press conference,
VIC,29/03/2020,13:07,769,,,39000,26,4,,,media release,
NSW,29/03/2020,20:00,1918,,94534,96452,,26,,,national summary/media release,
ACT,30/03/2020,13:45,78,1,4363,,6,,,2,media release,
SA,30/03/2020,20:15,305,,,26000,,,,,media release,
WA,30/03/2020,,355,,13833,14188,,,,,media release,
QLD,30/03/2020,16:57,689,,,,,,,,media release,
VIC,30/03/2020,08:40,821,,,,,,,,media release,
VIC,30/03/2020,13:53,821,4,,42000,29,4,,248,media release,
NSW,30/03/2020,,2032,,97919,99951,164,35,,,national summary/press conference,
TAS,30/03/2020,06:00,,1,,,,,,,media release,
NT,31/03/2020,,16,,,,,,,,national summary,
TAS,31/03/2020,,68,2,,,,,,,national summary,
ACT,31/03/2020,13:45,80,,,,6,,,,media release,
SA,31/03/2020,,337,,,,,,,,national summary,
WA,31/03/2020,,364,,,,,,,,national summary,
QLD,31/03/2020,11:15,743,,,,65,7,,,press conference,
VIC,31/03/2020,14:00,917,,,45000,29,4,,291,media release,
NSW,31/03/2020,20:00,2182,9,103361,105543,,42,,,media release,
NT,01/04/2020,15:00,18,,,,,,,,national summary,
TAS,01/04/2020,,71,,,,,,,,media release,
ACT,01/04/2020,12:21,84,1,4774,,9,,,8,media release,One previously reported case was deemed not to have had covid-19 and was removed
SA,01/04/2020,15:00,367,,,29000,,,,,media release,
WA,01/04/2020,14:40,392,,15130,15522,,,,64,media release,
QLD,01/04/2020,,781,,,50853,,,,,media release,
VIC,01/04/2020,11:39,968,5,,47000,32,6,,343,media release,
NSW,01/04/2020,23:00,2298,10,,,,,,,press conference,
NT,02/04/2020,18:45,20,,,,,,,,national summary,
TAS,02/04/2020,18:45,74,,,,,,,,media release,
ACT,02/04/2020,12:00,87,,4931,5018,8,4,,11,media release,
ACT,02/04/2020,18:45,88,,,,,,,,national summary,
SA,02/04/2020,18:45,385,,,,,,,,national summary,
WA,02/04/2020,18:45,400,,15790,16190,2,,,92,media release,
QLD,02/04/2020,10:56,781,3,,,,,,,media release,
QLD,02/04/2020,15:00,835,,,,,,,,media release,
VIC,02/04/2020,23:00,1036,6,,49000,,,,,media release,
NSW,02/04/2020,20:00,2389,12,112066,114455,209,42,,,media release,
NT,03/04/2020,00:58,22,,,,,,,,media release,
TAS,03/04/2020,17:45,80,,,,,,,,media release,
ACT,03/04/2020,14:45,91,,5040,,,,,18,media release,
SA,03/04/2020,16:45,396,,,30000,,,,46,media release,
WA,03/04/2020,15:45,422,3,16022,16444,56,16,,92,media release,
QLD,03/04/2020,10:09,873,,,53000,,,,,tweet by premier,
VIC,03/04/2020,08:40,1085,7,,51000,37,7,,,media release,
NSW,03/04/2020,18:45,2493,,,117633,251,41,23,,media release,
NT,04/04/2020,,25,,,,,,,,national summary,
TAS,04/04/2020,,82,,,,,,,,media release,
ACT,04/04/2020,13:59,93,2,,,,,,,media release,
SA,04/04/2020,,407,,,,,,,,national summary,
WA,04/04/2020,,436,,,,,,,,national summary,
QLD,04/04/2020,19:45,900,,,,,,,,media release,
VIC,04/04/2020,20:45,1115,8,,,,,,,media release,
NSW,04/04/2020,20:00,2580,16,118863,121443,279,39,23,,media release,
TAS,05/04/2020,11:30,86,,,,,,,,press conference,
ACT,05/04/2020,13:00,96,,5258,,6,,,28,media release,
SA,05/04/2020,16:20,409,,,,19,9,,,press conference,
WA,05/04/2020,15:40,453,,17744,18197,59,18,,148,press conference,
QLD,05/04/2020,11:00,907,,,,,,,,media release,
VIC,05/04/2020,10:50,1135,,,56000,47,,11,573,media release,
NSW,05/04/2020,20:00,2637,19,121401,124038,249,40,,,media release,
QLD,05/04/2020,17:30,,4,,,,,,,media release,
NT,06/04/2020,06:00,26,,,,,,,,national summary,
NT,06/04/2020,,27,,,,,,,,national summary,
TAS,06/04/2020,09:22,89,,,,,,,,press conference,
ACT,06/04/2020,,96,,5329,,7,,,40,media release,
SA,06/04/2020,,411,,,,,,,,national summary,
WA,06/04/2020,14:50,460,4,,,,,,162,press conference,
QLD,06/04/2020,15:10,921,,,,,,,,media release,
VIC,06/04/2020,12:15,1158,10,,57000,45,11,,620,media release,
NSW,06/04/2020,20:00,2686,21,123460,126146,229,37,24,,media release,
SA,06/04/2020,09:00,,1,,33000,,,,,media release,
ACT,07/04/2020,13:54,97,,5497,,6,,,42,media release,
TAS,07/04/2020,,98,3,,,,,,,media release,
WA,07/04/2020,14:00,470,6,18731,,,,,,daily snapshot,
QLD,07/04/2020,16:27,934,,,,,,,,media release,
VIC,07/04/2020,08:40,1191,11,,58000,47,13,,686,media release,
NSW,07/04/2020,20:00,2734,,,,227,36,22,,media release,
NT,08/04/2020,16:00,28,,,2999,24,0,0,2,media release/PM&C,
ACT,08/04/2020,13:30,99,,5679,5778,4,3,2,47,media release/PM&C,
TAS,08/04/2020,,107,,,3295,13,2,0,38,media release/PM&C,
SA,08/04/2020,06:00,415,2,,34593,16,8,0,120,media release/PM&C,
WA,08/04/2020,17:00,481,,19615,20096,34,15,-,170,media release/PM&C,
QLD,08/04/2020,14:17,943,,,63552,35,11,11,345,media release/PM&C,
VIC,08/04/2020,09:00,1212,12,,60000,45,12,0,736,media release/PM&C,
NSW,08/04/2020,20:00,2773,,130224,132997,221,31,21,1356,media release/PM&C,
ACT,09/04/2020,13:45,100,,,,3,,,,media release,
TAS,09/04/2020,08:45,107,,,,,,,,media release,
SA,09/04/2020,08:00,420,3,,35000,,,,,media release,
SA,09/04/2020,17:15,421,,,,,,,,National summary,
WA,09/04/2020,17:15,495,,,,,,,,National summary,
QLD,09/04/2020,13:30,953,,,,,,,372,media release,
VIC,09/04/2020,11:10,1228,,,62000,50,13,,806,media release,
NSW,09/04/2020,14:24,2822,22,134619,137441,211,29,23,,media release,
ACT,10/04/2020,12:20,102,,6000,6103,4,,,59,media release,Adjusted by one death due to later update
TAS,10/04/2020,,111,4,,,,,,,press conference,
SA,10/04/2020,16:35,427,,,,15,6,,,press conference,
WA,10/04/2020,17:35,506,,,,,,,,national summary,
QLD,10/04/2020,15:35,965,,,,,,,,media release,
VIC,10/04/2020,12:20,1241,13,,,,13,,926,media release,
NSW,10/04/2020,20:00,2847,23,138923,141777,218,30,21,,press release,
TAS,11/04/2020,10:00,122,4,,,8,2,0,,press release/PM&C,
SA,11/04/2020,10:00,428,,,,,,,,national summary,
SA,11/04/2020,17:50,429,3,,,15,7,0,225,national summary/press release/PM&C,
WA,11/04/2020,17:50,514,6,,,39,12,,216,press release/PM&C,
QLD,11/04/2020,10:00,972,4,,,,,,,press release,
QLD,11/04/2020,15:30,974,4,,,28,12,12,368,press release/PM&C,
VIC,11/04/2020,10:00,1265,14,,,44,15,0,986,press release,
NSW,11/04/2020,10:00,2857,24,,,78,30,24,1356,press release/PM&C,
ACT,11/04/2020,16:00,,,,,4,2,2,62,PM&C,
NT,11/04/2020,17:00,28,,,3243,24,0,0,2,coronavirus.nt.gov.au,
ACT,12/04/2020,12:35,102,2,6159,,3,,,67,press release,
SA,12/04/2020,06:00,429,4,,,,,,,media release,
WA,12/04/2020,16:58,517,,22601,,38,15,,239,media release,
QLD,12/04/2020,11:42,983,4,,72313,,12,,,press release/premier tweet,
VIC,12/04/2020,11:41,1268,14,,69000,44,16,,1015,press release,
TAS,12/04/2020,,144,5,,,,,,50,premier,
NSW,12/04/2020,20:00,2863,26,141517,144380,222,30,21,,national summary/press conference,
VIC,13/04/2020,11:00,1281,,,70000,40,14,,1075,press release,
QLD,13/04/2020,,987,,,,23,11,11,442,pm&o,
ACT,13/04/2020,13:15,103,,6191,,3,2,1,72,press release,
WA,13/04/2020,15:45,523,6,23412,,38,14,,251,press conference,
SA,13/04/2020,15:45,431,,,37000,13,6,,,press conference,
TAS,13/04/2020,18:00,150,,,,,,,,press release,
NT,13/04/2020,16:00,28,,,,22,0,0,4,,
NSW,13/04/2020,20:00,2870,25,142939,145809,225,32,19,1356,press conference/pm&o,
VIC,14/04/2020,08:30,1291,14,,71000,40,15,12,1118,press conference/pm&o,
QLD,14/04/2020,09:50,998,,,74013,24,11,11,442,press conference/pm&o,
ACT,14/04/2020,13:17,103,2,6291,,3,2,1,75,press release/pm&o,
WA,14/04/2020,16:55,527,,23870,,32,12,,296,media release,
SA,14/04/2020,16:00,433,4,,,11,4,0,253,pm&o,
TAS,14/04/2020,18:00,165,6,,,,,,,,
NSW,14/04/2020,20:00,2886,26,144228,147114,214,29,18,1356,media release/pm&o,
QLD,15/04/2020,09:00,999,4,,75447,23,11,10,442,press conference,
ACT,15/04/2020,13:04,103,3,6387,,2,1,0,77,media release/pm&o,
VIC,15/04/2020,13:08,1299,14,,72000,39,18,12,1137,media release,
WA,15/04/2020,15:58,532,6,24081,,33,11,,338,media release,
TAS,15/04/2020,18:00,169,,,,,,,,media release,
SA,15/04/2020,,433,,,37500,,1,,279,media release,
NT,15/04/2020,,28,,,,,,,,,
NSW,15/04/2020,20:00,2897,,147417,150314,207,26,19,,media release,
QLD,16/04/2020,10:30,1001,,,77727,21,11,,442,press conference,
NT,16/04/2020,10:45,28,,3353,3381,,,,6,https://coronavirus.nt.gov.au/current-status,
ACT,16/04/2020,13:20,103,,6516,,2,,,79,media release,
WA,16/04/2020,17:00,535,,,,,,,340,media release,
SA,16/04/2020,18:00,434,,,38000,,2,,308,media release,
VIC,16/04/2020,18:00,1301,,,,,,,,National summary,
TAS,16/04/2020,18:00,180,,,,,,,,media release,
NSW,16/04/2020,20:00,2926,,152376,155302,217,26,19,,media release,
VIC,17/04/2020,10:30,1302,14,,75000,32,13,9,1159,media release/pm&o,
ACT,17/04/2020,12:50,103,3,6651,,2,1,0,81,media release/pm&o,
QLD,17/04/2020,13:40,1007,4,,,19,11,9,442,media release/pm&o,
TAS,17/04/2020,14:15,,7,,,16,2,0,64,press conference,
NT,17/04/2020,14:45,28,,,,,,,9,https://coronavirus.nt.gov.au/current-status,
SA,17/04/2020,16:00,435,4,,,7,1,0,435,press conference,
WA,17/04/2020,17:00,541,7,25684,,34,6,,377,media release,
NSW,17/04/2020,20:00,2936,,157518,160454,253,25,18,,,
ACT,18/04/2020,16:00,103,3,,,1,0,0,88,national summary,
VIC,18/04/2020,10:05,1319,14,,,30,12,8,1172,press conference/pm&o,
TAS,18/04/2020,11:25,,8,,,,,,,press conference,
QLD,18/04/2020,12:05,1014,4,,,,,,,media release,2 deaths died in NSW and are tracked there
NSW,18/04/2020,12:40,,28,,,,,,,media release,
NSW,18/04/2020,15:30,,29,,,57,25,19,,press conference/national summary,
NSW,18/04/2020,20:00,2957,,162180,165137,245,21,17,,national summary/media release,
SA,18/04/2020,20:00,435,,,41000,,2,,,,
VIC,19/04/2020,08:30,,15,,,,,,,media interview ,
QLD,19/04/2020,06:00,1014,,,,,,,,national summary,
TAS,19/04/2020,06:00,187,,,,,,,,national summary,
VIC,19/04/2020,06:00,1319,,,,,,,,national summary,
WA,19/04/2020,06:00,544,,,,,,,,national summary,
ACT,19/04/2020,11:58,103,3,6893,,0,0,0,89,media release,
VIC,19/04/2020,13:10,1328,15,,82000,29,10,,1188,media release,
QLD,19/04/2020,13:32,1019,,,84735,22,8,,738,media release,
WA,19/04/2020,,545,7,28343,,28,6,,426,daily snapshot/media release,
NSW,19/04/2020,20:00,2963,30,165663,168626,249,22,15,,AAP/media release,
SA,19/04/2020,,435,4,,43000,,2,,354,media release,
TAS,19/04/2020,18:00,197,,,,,,,,media release,
VIC,20/04/2020,12:50,1329,15,,86000,28,11,,1196,Premier/press conference/media release,
ACT,20/04/2020,13:50,104,,6959,,,,,,media release,
NT,20/04/2020,16:00,28,,,3713,,,,12,https://coronavirus.nt.gov.au/current-status,
QLD,20/04/2020,16:40,1019,,,85870,20,7,,738,media release,
WA,20/04/2020,16:50,545,,28924,,,,,435,media release,
SA,20/04/2020,16:50,435,,,,,,,363,national summary,
NSW,20/04/2020,20:00,2969,30,168159,171158,249,21,17,1755,press conference/media release,
TAS,20/04/2020,,200,,,,,,,,media release,
VIC,21/04/2020,09:00,1336,,,88000,28,12,,1202,media release,
ACT,21/04/2020,12:55,104,3,7022,,1,,,92,media release,
QLD,21/04/2020,16:00,1024,,,87470,21,7,,738,media release,
WA,21/04/2020,,546,,29566,,26,5,,443,press conference/media release,
TAS,21/04/2020,,201,,,,,,,,media release,
NSW,21/04/2020,18:15,,31,,,,,,,press release from nursing home Newmarch House,
NSW,21/04/2020,20:00,2971,33,172448,175419,231,20,16,1926,press conference/media release,
SA,21/04/2020,,437,,,,,,,,media release,
VIC,22/04/2020,,1336,15,,90000,29,,,1243,media release,
QLD,22/04/2020,,1024,4,,90168,20,7,,738,media release,
ACT,22/04/2020,13:30,104,,7152,,1,,,,media release,
NT,22/04/2020,15:15,28,,,3810,,,,16,https://coronavirus.nt.gov.au/current-status,
SA,22/04/2020,17:30,438,,,47000,,2,,,media release,
WA,22/04/2020,17:30,546,,30594,,,,,451,media release,
NSW,22/04/2020,20:00,2976,33,178088,181064,219,21,15,2006,national summary/media release,
VIC,23/04/2020,10:59,1337,16,,93000,27,10,,1251,media release,
ACT,23/04/2020,13:05,104,3,7263,,1,,,93,media release,
QLD,23/04/2020,15:48,1026,,,92699,20,7,,,media release,
WA,23/04/2020,16:22,546,,31604,,24,5,,458,media release,
TAS,23/04/2020,18:00,205,,,,,,,,media release,
SA,23/04/2020,,438,,,,,,,,national summary,
NT,23/04/2020,15:20,28,,,3972,,,,16,https://coronavirus.nt.gov.au/current-status,
NSW,23/04/2020,20:00,2982,34,185434,190506,230,19,15,2056,media release,
VIC,24/04/2020,09:45,1343,,,96000,21,7,,1254,media release,
TAS,24/04/2020,09:45,,9,,,,,,,,
WA,24/04/2020,,,8,,,,,,,,
ACT,24/04/2020,13:30,105,,7336,,0,,,,media release,
QLD,24/04/2020,13:45,1026,,,94977,18,6,,,media release,
NT,24/04/2020,16:20,28,,,4045,,,,20,https://coronavirus.nt.gov.au/current-status,
WA,24/04/2020,,548,,,,,,,,,
NSW,24/04/2020,17.35,,35,,,,,,,media release,
NSW,24/04/2020,20:00,2994,,190262,193256,203,19,15,2193,media release,
TAS,25/04/2020,,,10,,,,,,,,
QLD,25/04/2020,12:50,1026,,,97057,18,6,,803,media release,
VIC,25/04/2020,13:00,1346,,,98000,24,11,7,1262,media release/pm&o,
ACT,25/04/2020,14:20,106,,7632,,1,1,0,98,media release/pm&o,
WA,25/04/2020,15:30,549,,33650,,24,4,,478,media release/pm&o,
SA,25/04/2020,16:00,438,,,51000,4,2,0,,press conference/pm&o,
TAS,25/04/2020,17:30,209,,,,,,,,national summary,
NSW,25/04/2020,,,36,,,,,,,media release,
NSW,25/04/2020,20:00,3002,36,195713,198715,182,19,15,2208,national summary,
VIC,26/04/2020,11:25,1349,17,,101000,21,10,,1265,media release,
ACT,26/04/2020,12:32,106,3,7886,,1,1,0,99,media release/pm&o,
QLD,26/04/2020,12:35,1030,,,98422,18,6,5,926,media release/pm&o,
WA,26/04/2020,15:36,549,,34256,,16,4,,486,media release,
NSW,26/04/2020,20:00,3004,36,200129,203133,160,19,15,2227,national summary/media release,
SA,26/04/2020,16:00,438,4,,,4,2,0,411,pm&o,
VIC,27/04/2020,12:27,1349,17,,104000,23,11,6,1280,media release,
QLD,27/04/2020,12:55,1033,,,99527,15,6,6,926,media release,
ACT,27/04/2020,13:25,106,3,7996,,1,0,0,100,media release,
TAS,26/04/2020,,,11,,,,,,,press release,
WA,27/04/2020,,549,8,34842,,,,,486,daily snapshot,
NSW,27/04/2020,20:00,3009,37,204236,207245,142,19,15,2243,press release,
NSW,28/04/2020,,,37,,,,,,,national summary/press release (Anglicare),
NT,28/04/2020,06:00,28,,,4245,,,,23,https://coronavirus.nt.gov.au/current-status,
TAS,28/04/2020,08:30,214,,,,,,,,national summary/press release (Anglicare),
VIC,28/04/2020,12:39,1351,17,,,23,11,,1279,media release,
ACT,28/04/2020,13:30,106,,8242,,,,,101,media release,
WA,28/04/2020,16:20,550,,35155,,,,,495,media release,
TAS,28/04/2020,17:30,217,,,,,,,,national summary,
SA,28/04/2020,17:30,438,,,,,,,,national summary,
NSW,28/04/2020,17:30,,41,,,,,,,media release,
NSW,28/04/2020,20:00,3016,41,209643,212659,136,17,14,2266,media release,
VIC,29/04/2020,10:00,1354,18,,111000,18,9,,1287,press conference/media release,
QLD,29/04/2020,11:00,1033,,,104950,12,6,,934,media release,adjusted downwards by one case due to re-assessment
NT,29/04/2020,11:00,28,,,4338,,,,25,https://coronavirus.nt.gov.au/current-status,
ACT,29/04/2020,13:00,106,,8336,,,,,101,media release,
NSW,29/04/2020,16:15,,42,,,,,,,anglicare press release,
TAS,29/04/2020,17:00,220,,,,,,,,pm&o,
SA,29/04/2020,17:00,438,,,,,,,,pm&o,
WA,29/04/2020,17:50,551,,35980,,,,,500,media release,
NSW,29/04/2020,20:00,3016,42,217030,220046,117,15,13,2284,media release,
VIC,30/04/2020,10:10,1361,,,115100,18,9,,1291,media release,
ACT,30/04/2020,13:40,106,3,8546,,0,0,0,103,media release,
WA,30/04/2020,16:27,551,,37251,,13,3,,507,media release,
QLD,30/04/2020,17:17,1033,,,108137,,,,943,media release,
TAS,30/04/2020,,221,13,,,,,,,AAP/National figures,
NSW,30/04/2020,20:00,3025,43,224059,227084,108,14,12,2293,media release,
VIC,01/05/2020,12:00,1364,,,123500,16,7,,1293,media release,
ACT,01/05/2020,13:00,106,,8875,,,,,103,media release,
QLD,01/05/2020,14:45,1033,,,111017,11,4,,948,media release,
WA,01/05/2020,21:30,551,,41241,,,,,511,media release,
SA,01/05/2020,,438,,,,,,,,National figures,
TAS,01/05/2020,,223,,,,,,,,National figures,
NSW,01/05/2020,20:00,3031,,232863,235894,,,,2300,media release,
VIC,02/05/2020,11:00,1371,,,129000,12,7,,1300,media release,
QLD,02/05/2020,14:20,1034,,,113601,10,4,,965,media release,
ACT,02/05/2020,15:30,106,,9137,,,,,103,media release,
VIC,03/05/2020,10:49,1384,18,,138000,12,7,,1300,press conference/media release,
NSW,02/05/2020,,,44,,,,,,,media release (Anglicare),
QLD,03/05/2020,11:47,1035,,,115598,9,4,,976,press conference,
WA,03/05/2020,14:37,551,9,,46167,8,3,,,press conference/media release,
NSW,02/05/2020,20:00,3032,44,240093,243128,106,14,11,2306,press conference/media release,3 previously reported cases excluded
NSW,03/05/2020,20:00,3033,44,245665,248698,107,14,10,2328,media release,
ACT,04/05/2020,,107,3,9521,,,,,103,media release,
NSW,04/05/2020,,,45,,,,,,,media release (Anglicare),
QLD,04/05/2020,14:38,1038,,,116650,9,4,,980,media release,
VIC,04/05/2020,15:09,1406,18,,146500,11,6,,1310,media release,
WA,04/05/2020,17:00,551,,,47029,,,,527,media release,
NT,04/05/2020,20:00,29,,,,,,,,National figures,
SA,04/05/2020,20:00,438,,,,,,,,National figures,
TAS,04/05/2020,20:00,223,,,,,,,,National figures,
NSW,05/05/2020,20:00,3035,,250960,253995,102,13,11,2349,media release,
QLD,05/05/2020,09:00,1040,,,,,,,980,press conference,
VIC,05/05/2020,11:40,1423,,,152000,12,6,,1311,media release,
ACT,05/05/2020,13:34,107,3,9722,,,,,,media release,
WA,05/05/2020,15:59,551,9,,48153,,,,528,daily snapshot,
NSW,05/05/2020,17:00,,46,,,,,,,,
SA,05/05/2020,17:30,438,,,62000,,,,429,media release,
TAS,05/05/2020,20:00,223,,,,,,,,National figures,
NT,05/05/2020,20:00,29,,,,,,,,,
NSW,05/05/2020,20:00,3042,,257852,260894,129,13,9,2418,media release,
VIC,06/05/2020,09:00,1440,,,162000,8,6,,1321,media release,
ACT,06/05/2020,12:00,107,,9995,,,,,103,media release,
WA,06/05/2020,16:00,551,,,49892,,,,528,media release,
QLD,06/05/2020,18:20,1043,,,120204,9,4,,985,media release,
NSW,06/05/2020,20:00,3044,46,268752,271796,121,10,8,2463,media release,
SA,06/05/2020,20:00,438,,,,,,,,National figures,
TAS,06/05/2020,20:00,225,,,,,,,,National figures,
NT,06/05/2020,20:00,29,,,,,,,,National figures,
QLD,07/05/2020,09:00,1045,,,125000,,,,,press conference,
NT,07/05/2020,09:30,30,,,5003,,,,28,https://coronavirus.nt.gov.au/current-status,
VIC,07/05/2020,10:00,1454,18,,176500,8,6,,,press conference,
ACT,07/05/2020,12:22,107,3,10371,,,,,,media release,
SA,07/05/2020,15:45,439,,,,,,,,press conference,
WA,07/05/2020,17:51,551,,,51352,6,3,,531,media release,
QLD,07/05/2020,19:45,1045,,,124898,8,3,,989,media release,
NSW,07/05/2020,20:00,3047,,278210,281257,119,10,8,2486,media release,
TAS,07/05/2020,20:15,226,,,,,,,,National figures,
NT,08/05/2020,08:50,30,,,5117,,,,28,https://coronavirus.nt.gov.au/current-status,
VIC,08/05/2020,11:00,1467,,,,,,,,press conference,
QLD,08/05/2020,12:54,1045,,,129195,9,3,,994,media release,
WA,08/05/2020,14:10,552,,,,,,,534,media release,
ACT,08/05/2020,13:17,107,3,10850,,,,,,media release,
VIC,08/05/2020,14:53,1467,18,,193265,,,,,media release,
TAS,08/05/2020,20:00,227,,,,,,,,National figures,
SA,08/05/2020,20:00,439,,,,,,,,National figures,
NSW,08/05/2020,20:00,3051,,291898,294949,110,8,7,2504,media release,
ACT,09/05/2020,12:45,107,,11167,,,,,103,media release,
VIC,09/05/2020,13:00,1477,,,,8,6,,1327,press conference,
WA,09/05/2020,13:15,552,,,54563,4,,,536,media release,
QLD,09/05/2020,13:40,1045,,,133016,9,3,,1019,media release,
SA,09/05/2020,17:30,439,,,,,,,,press conference,
NSW,10/05/2020,12:30,3053,,,,,,,,media release,
VIC,10/05/2020,12:30,1487,,,,,,,,media release,
WA,10/05/2020,12:30,552,,,,,,,,media release,
ACT,10/05/2020,12:30,107,,,,,,,,media release,
NSW,10/05/2020,20:00,3053,46,,310000,107,7,7,2517,media release,
ACT,11/05/2020,13:24,107,,11832,,,,,,media release,
QLD,11/05/2020,13:41,1045,,,137009,7,3,,1021,media release,
NT,11/05/2020,15:00,30,,,5495,,,,28,https://coronavirus.nt.gov.au/current-status,
VIC,11/05/2020,16:13,1494,18,,245000,7,5,,1360,media release,
WA,11/05/2020,17:59,552,,,56098,4,1,,536,media release,
SA,11/05/2020,20:00,439,,,,,,,,National figures,
TAS,11/05/2020,20:00,227,,,,,,,,National figures,
NSW,11/05/2020,20:00,3053,,,315700,100,8,,2543,media release,
ACT,12/05/2020,13:24,107,,12260,,,,,,media release,
QLD,12/05/2020,14:47,1045,,,138892,7,3,,1021,media release,
VIC,12/05/2020,16:50,1509,,,258000,8,4,,1376,media release,
WA,12/05/2020,18:00,553,,,56226,,,,537,media release,
NSW,12/05/2020,20:00,3059,47,,324000,109,7,7,2571,media release,
ACT,13/05/2020,12:25,107,,12530,,,,,,media release,
VIC,13/05/2020,13:20,1514,,,273000,9,6,,1385,media release,
QLD,13/05/2020,14:00,1045,,,142040,7,3,,1021,media release,
WA,13/05/2020,14:53,553,,,58634,,,,538,media release,
NT,13/05/2020,17:20,30,,,5527,,,,28,https://coronavirus.nt.gov.au/current-status,
NSW,13/05/2020,20:00,3063,,,333634,110,8,6,2595,media release,
SA,13/05/2020,20:00,439,,,,,,,,National figures,
TAS,13/05/2020,20:00,227,,,,,,,,National figures,
ACT,14/05/2020,13:28,107,,12959,,,,,,press release,
VIC,14/05/2020,15:30,1523,,,289000,9,6,,1385,press release,
WA,14/05/2020,15:50,554,,,,,,,538,press release,
SA,14/05/2020,20:00,439,,,,,,,,National figures,
TAS,14/05/2020,20:00,227,,,,,,,,National figures,
NSW,14/05/2020,20:00,3071,,,345846,103,7,5,2605,press release,
VIC,15/05/2020,,1543,18,,,9,7,,1407,press release,
ACT,15/05/2020,14:16,107,,13386,,,,,,press release,
QLD,15/05/2020,18:15,1046,,,,,,,,press release,
TAS,15/05/2020,20:00,227,,,,,,,,National figures,
SA,15/05/2020,20:00,439,,,,,,,,National figures,
NSW,15/05/2020,20:00,3074,,,356000,101,6,3,2611,press release,
VIC,16/05/2020,10:00,1554,,,324000,11,7,,1417,press release,
QLD,16/05/2020,12:00,1047,,,151854,5,3,,,press conference,
ACT,16/05/2020,12:45,107,,13747,,,,,,press release,
WA,16/05/2020,16:40,556,,,64646,,,,541,press release,
TAS,17/05/2020,12:00,228,,,,,,,,National figures,
QLD,17/05/2020,12:00,1055,,,,,,,,National figures,
ACT,17/05/2020,12:20,107,,,,,,,,press release,
NSW,17/05/2020,13:04,3075,,,,,,,,press release,
WA,17/05/2020,15:27,557,,,,,,,,press release,
VIC,17/05/2020,17:10,1567,,,,,,,,media release,
NSW,17/05/2020,20:00,3076,,,371881,100,6,2,2612,press release,
NSW,18/05/2020,09:40,,48,,,,,,,press release,
ACT,18/05/2020,12:56,107,,,14183,,,,104,media release,
QLD,18/05/2020,15:07,1057,,,155755,4,1,,1038,media release,
WA,18/05/2020,15:26,557,,,66539,,,,545,media release,
VIC,18/05/2020,15:37,1567,18,,345000,9,5,,1439,media release,
NT,18/05/2020,16:00,30,,,6370,,,,28,https://coronavirus.nt.gov.au/current-status,
TAS,18/05/2020,20:00,228,,,22206,6,,,198,National figures/TAS health website,
SA,18/05/2020,20:00,439,,,80000,,,,435,SA Health website,
NSW,18/05/2020,20:00,3078,,,377185,101,5,2,2614,media release,
VIC,19/05/2020,12:50,1573,,,358000,11,5,,1454,media release,
NSW,19/05/2020,,,49,,,,,,,media release (Anglicare),
ACT,19/05/2020,13:10,107,,14341,,,,,104,media release,
SA,19/05/2020,14:00,439,,,80713,,,,435,https://www.covid-19.sa.gov.au/home/dashboard,
NT,19/05/2020,16:00,30,,,6417,,,,28,https://coronavirus.nt.gov.au/current-status,
QLD,19/05/2020,17:15,1057,,,158641,4,1,,1039,media release,
TAS,19/05/2020,18:00,228,,,22783,,,,198,National/Tas health website ,
WA,19/05/2020,18:30,557,,,67649,1,,,545,media release,
NSW,19/05/2020,20:00,3081,49,,385000,95,3,2,2631,press conference/media release,
ACT,20/05/2020,12:55,107,,14605,,,,,,media release,
VIC,20/05/2020,13:45,1580,,,367000,10,5,,1465,media release,
SA,20/05/2020,15:00,439,,,83000,1,,,435,media release,
NT,20/05/2020,16:00,30,,,6517,,,,30,https://coronavirus.nt.gov.au/current-status,
WA,20/05/2020,17:40,557,,,69644,,,,545,media release,
TAS,20/05/2020,18:00,228,,,23264,,,,199,National/Tas health website,
QLD,20/05/2020,18:30,1058,,,163560,4,1,,1040,media release,
NSW,20/05/2020,20:00,3082,,,393988,94,3,2,2648,media release,
VIC,21/05/2020,12:15,1581,,,378000,10,5,,1473,media release,
ACT,21/05/2020,12:45,107,,14916,,,,,104,media release,
QLD,21/05/2020,14:30,1058,,,166877,4,1,,1040,media release,
WA,21/05/2020,17:00,557,,,,,,,545,media release,
NSW,21/05/2020,20:00,3084,50,,,94,1,1,2648,media release,
NSW,22/05/2020,,,50,,,,,,,press conference,
VIC,22/05/2020,11:40,1593,18,,393000,10,5,,1479,media release,
ACT,22/05/2020,13:29,107,,,15146,,,,104,media release,
SA,22/05/2020,15:00,439,,,87000,,,,435,media release,
WA,22/05/2020,17:00,557,,,73306,,,,545,media release,
QLD,22/05/2020,17:30,1058,,,169863,4,1,,1040,media release,
NSW,22/05/2020,20:00,3086,50,,411618,88,1,1,2653,media release,
VIC,23/05/2020,12:47,1602,19,,398500,9,3,,1484,media release,
WA,23/05/2020,13:07,560,,,,,,,,media release,
QLD,23/05/2020,15:46,1060,,,,4,,,,media release,
VIC,24/05/2020,10:30,1603,,,420000,9,,,,media release,
ACT,24/05/2020,13:30,107,,15653,,0,0,,104,ACT health website,
WA,24/05/2020,13:40,560,,,76644,0,0,,549,media release,
NSW,24/05/2020,13:40,3087,,,418427,87,1,1,2653,media release,
SA,24/05/2020,15:00,439,,,89000,1,0,,435,media release,
QLD,24/05/2020,16:30,1061,,,173864,4,1,,1041,media release,
TAS,24/05/2020,16:30,228,,,24663,4,0,,203,media release,
NSW,24/05/2020,20:00,3090,,,423000,90,1,1,2656,media release,
NT,25/05/2020,08:30,30,,,7217,0,0,,30,https://coronavirus.nt.gov.au/current-status,
VIC,25/05/2020,10:00,1605,,,430000,8,3,,1520,media release,
ACT,25/05/2020,14:15,107,,15899,,0,0,,104,media release,
QLD,25/05/2020,15:00,1056,,,174974,4,1,,1038,media release,
SA,25/05/2020,15:00,439,,,90000,0,0,,435,media release,
WA,25/05/2020,17:45,564,,,77501,0,0,,549,media release,
TAS,25/05/2020,18:00,228,,,29946,4,0,,205,media release,
VIC,26/05/2020,11:15,1610,,,437000,8,3,,1533,media release,
NSW,26/05/2020,11:40,3092,,,457000,85,1,1,2661,media release,
ACT,26/05/2020,13:30,107,,16089,,0,0,,104,media release,
SA,26/05/2020,15:00,440,,,91000,0,0,,435,media release,
NT,26/05/2020,15:30,30,,,7233,0,0,,30,https://coronavirus.nt.gov.au/current-status,
TAS,26/05/2020,18:00,228,,,25644,2,0,,205,media release,
WA,26/05/2020,19:10,570,,,78308,0,0,,549,media release,
NSW,26/05/2020,20:00,3089,,,464351,85,1,1,2663,media release,
VIC,27/05/2020,13:00,1618,,,471000,8,4,,1539,media release,
ACT,27/05/2020,14:30,107,,16468,,0,0,,104,media release,
SA,27/05/2020,15:00,440,,,93000,0,0,,435,media release,
QLD,27/05/2020,16:20,1058,,,180371,4,1,,1044,media release,
TAS,27/05/2020,18:00,228,,,26447,2,0,,205,media release,
WA,27/05/2020,18:14,570,,,80166,0,0,,549,media release,
NSW,27/05/2020,20:00,3090,,,474223,79,1,1,2670,media release,
VIC,28/05/2020,11:43,1628,,,480000,8,3,,1544,media release,
ACT,28/05/2020,14:32,107,,16962,,0,0,,104,media release,
SA,28/05/2020,15:00,440,,,95000,0,0,,435,media release,
WA,28/05/2020,17:30,577,,,83318,0,0,,550,media release,
TAS,28/05/2020,18:00,228,,,27261,2,0,,205,media release,
NSW,28/05/2020,20:00,3092,,,484185,78,1,1,2666,media release,
ACT,29/05/2020,13:20,107,,17267,,0,0,,104,media release,
VIC,29/05/2020,14:50,1634,,,493000,7,2,,1549,media release,
QLD,29/05/2020,15:00,1058,,,185936,1,1,,1045,media release,
WA,29/05/2020,17:00,585,,,85738,0,0,,551,media release,
NSW,29/05/2020,20:00,3092,,,493637,71,1,0,2683,media release,
VIC,30/05/2020,10:42,1645,,,501000,7,2,,1553,media release,
QLD,30/05/2020,13:30,1058,,,192062,1,1,,1045,media release,
SA,30/05/2020,15:00,440,,,99500,0,0,,435,media release,
WA,30/05/2020,15:45,586,,,89202,0,0,,552,media release,
NSW,30/05/2020,20:00,3095,,,503464,68,1,0,2685,media release,
VIC,31/05/2020,11:25,1649,,,509000,6,2,,1557,media release,
ACT,31/05/2020,12:30,107,,18007,,0,0,,104,ACT health website,
QLD,31/05/2020,15:00,1058,,,195437,1,1,,1046,media release,
SA,31/05/2020,15:00,440,,,100000,0,0,,435,media release,
WA,31/05/2020,15:30,589,,,91530,1,0,,552,media release,
TAS,31/05/2020,18:00,228,,,31671,2,0,,209,Tas health website,
NSW,31/05/2020,20:00,3098,,,509227,67,1,0,2685,media release,
NT,01/06/2020,08:00,30,,,8220,0,0,,30,https://coronavirus.nt.gov.au/current-status,
VIC,01/06/2020,10:50,1653,,,515000,6,1,,1560,media release,
ACT,01/06/2020,12:30,107,,18318,,0,0,,104,ACT health website,
WA,01/06/2020,13:40,591,,,94001,1,0,,553,media release,
QLD,01/06/2020,15:00,1058,,,197367,2,1,,1046,media release,
NSW,02/06/2020,11:10,3104,,,510000,11,1,,,media release,
VIC,02/06/2020,11:30,1663,,,521000,9,2,,,media release,
QLD,02/06/2020,17:30,1059,,,200391,2,,,,media release,
WA,02/06/2020,17:30,591,,,94001,2,,,,media release,
TAS,02/06/2020,17:30,228,,,,2,,,,media release,
SA,02/06/2020,17:30,440,,,,0,,,,media release,
ACT,02/06/2020,17:30,107,,,,0,,,,media release,
NSW,02/06/2020,20:00,3104,,,521669,69,2,0,2691,media release,
WA,03/06/2020,15:57,592,,,,,,,557,media release,
NSW,03/06/2020,20:00,3106,,,533034,71,1,0,2700,media release,
VIC,04/06/2020,15:10,1678,,,536000,7,2,,1584,media release,
WA,04/06/2020,17:00,592,,,102901,,,,,media release,
ACT,04/06/2020,17:00,107,,,,0,,,,media release,
NT,04/06/2020,17:00,29,,,,0,,,,media release,
QLD,04/06/2020,17:00,1060,,,,2,,,,media release,
SA,04/06/2020,17:00,440,,,,0,,,,media release,
TAS,04/06/2020,17:00,228,,,,2,,,,media release,
VIC,05/06/2020,10:27,1681,,,542000,7,1,,1586,media release,
NSW,04/06/2020,20:00,3110,,,543205,71,0,0,2714,media release,
WA,05/06/2020,16:12,596,,,107811,0,0,,557,media release,
NSW,05/06/2020,20:00,3110,,,555956,71,0,0,2719,media release,
QLD,06/06/2020,12:00,1061,,,216458,2,1,,1049,media release,
WA,06/06/2020,12:32,599,,,112110,0,0,,559,media release,
VIC,06/06/2020,14:00,1681,,,530000,8,0,,1589,media release,
SA,06/06/2020,15:00,440,,,110000,0,0,,436,media release,
NSW,06/06/2020,20:00,3109,,,565163,70,0,0,2723,media release,
VIC,07/06/2020,11:30,1685,,,530000,6,2,,1593,media release,
QLD,07/06/2020,12:00,1061,,,219422,2,1,,1050,media release,
ACT,07/06/2020,13:00,108,,20379,,0,0,,104,media release,
WA,07/06/2020,15:00,599,,,115507,0,0,,559,media release,
NSW,07/06/2020,20:00,3112,,,571113,66,0,0,2724,media release,
NT,08/06/2020,08:30,29,,,9454,0,0,,29,https://coronavirus.nt.gov.au/current-status,
VIC,08/06/2020,10:30,1687,,,543000,7,2,,1595,media release,
QLD,08/06/2020,12:00,1062,,,221212,2,1,0,1050,media release,
ACT,08/06/2020,13:00,108,,20575,,0,0,0,104,https://www.covid19.act.gov.au/,
SA,08/06/2020,15:00,440,,,114000,0,0,,436,https://www.sahealth.sa.gov.au/wps/wcm/connect/public+content/sa+health+internet/about+us/news+and+media/all+media+releases/covid-19+update+8+june+2020,
WA,08/06/2020,17:00,599,,,118497,0,0,,559,media release,
TAS,08/06/2020,18:00,228,,,36970,1,0,0,211,National/TAS health ,
NSW,08/06/2020,20:00,3114,,,575865,66,0,0,2729,media release,
VIC,09/06/2020,10:00,1687,,,548000,7,1,,1602,media release,
WA,09/06/2020,16:38,599,,,,,,,560,media release,
NSW,09/06/2020,20:00,3117,,,581559,64,0,0,2735,media release,
VIC,10/06/2020,12:21,1691,,,557000,9,2,,1616,media release,
WA,10/06/2020,16:45,601,,,126700,0,0,,564,media release,
SA,10/06/2020,17:00,440,,,117000,0,0,0,436,media release,
TAS,10/06/2020,18:00,228,,,38634,1,0,0,211,National/ https://coronavirus.tas.gov.au/facts/cases-and-testing-updates,
NSW,10/06/2020,20:00,3117,,,591305,69,0,,2738,media release,
VIC,11/06/2020,11:00,1699,,,564000,6,1,1,1621,media release,
QLD,11/06/2020,12:00,1063,,,235917,2,1,,1051,https://www.qld.gov.au/health/conditions/health-alerts/coronavirus-covid-19/current-status/statistics,
ACT,11/06/2020,13:40,108,,21830,,0,0,,104,https://www.covid19.act.gov.au/,
WA,12/06/2020,13:40,602,,,134491,,,,575,media release,
VIC,12/06/2020,15:04,1703,,,572000,,,,1632,media release,
NSW,12/06/2020,11:00,3119,,,620650,47,0,0,2763,media release,
QLD,13/06/2020,16:30,1065,,,245713,2,1,,1051,media release,
VIC,13/06/2020,16:41,1711,,,582000,5,1,,1641,media release,
NSW,13/06/2020,20:00,3128,,,634241,47,0,0,2766,media release,
QLD,14/06/2020,12:00,1065,,,249627,1,1,,1051,media release,
VIC,14/06/2020,12:50,1720,,,590000,6,2,,1657,media release,
WA,14/06/2020,13:20,602,,,141905,0,0,,582,media release,
NSW,14/06/2020,20:00,3131,,,641442,42,0,0,2766,media release,
VIC,15/06/2020,12:40,1732,,,594000,7,3,,1661,media release,
WA,15/06/2020,15:00,602,,,143418,0,0,,591,media release,
NSW,15/06/2020,20:00,3134,,,649337,46,0,0,2768,media release,
VIC,16/06/2020,11:30,1741,,,599000,6,2,1,1664,media release,
QLD,16/06/2020,12:00,1065,,,254554,1,1,1,1051,media release,
ACT,16/06/2020,12:00,108,,23729,,0,0,0,104,media release,
WA,16/06/2020,16:00,602,,,143418,0,0,0,591,media release,
SA,16/06/2020,17:00,440,,,127000,0,0,0,436,media release,
TAS,16/06/2020,18:00,228,,,41839,0,0,0,213,media release,
NSW,16/06/2020,20:00,3135,,,661226,49,0,0,2770,media release,
NT,17/06/2020,08:30,29,,,10665,0,0,0,29,media release,
ACT,17/06/2020,14:30,108,,24320,,0,0,0,105,media release,
VIC,17/06/2020,14:45,1762,,,609000,5,2,2,1671,media release,
QLD,17/06/2020,15:00,1066,,,259902,1,1,0,1052,media release,
SA,17/06/2020,15:00,440,,,130000,0,0,0,436,media release,
WA,17/06/2020,17:00,602,,,143418,0,0,0,592,media release,
TAS,17/06/2020,18:00,228,,,42395,0,0,0,215,media release,
NSW,17/06/2020,20:00,3137,,,678618,51,0,0,2770,media release,
QLD,18/06/2020,12:00,1066,,,264106,1,0,0,1052,https://www.qld.gov.au/health/conditions/health-alerts/coronavirus-covid-19/current-status/statistics,
VIC,18/06/2020,14:15,1780,,,621000,4,2,2,1678,media release,
WA,18/06/2020,14:45,603,,,152603,0,0,0,592,media release,
NSW,18/06/2020,20:00,3143,,,695981,,,,2770,media release,
WA,19/06/2020,13:03,603,,,155815,,,,592,media release,
VIC,19/06/2020,14:47,1792,,,635000,,,,1680,media release,
NSW,19/06/2020,20:00,3144,,,712174,56,0,0,2771,media release,
WA,20/06/2020,12:00,604,,,158762,0,0,0,593,media release,
VIC,20/06/2020,12:00,1817,,,645000,6,3,2,1686,media release,
NSW,20/06/2020,20:00,3149,,,725817,54,0,0,2771,media release,
QLD,21/06/2020,12:00,1066,,,274688,1,0,0,1053,https://www.qld.gov.au/health/conditions/health-alerts/coronavirus-covid-19/current-status/statistics,
ACT,21/06/2020,12:30,108,,25797,,0,0,0,105,https://www.covid19.act.gov.au/,
VIC,21/06/2020,15:25,1836,,,660000,7,2,2,1694,media release,
WA,21/06/2020,17:00,605,,,161265,0,0,0,593,media release,
SA,21/06/2020,17:00,440,,,137000,0,0,0,436,media release,
TAS,21/06/2020,18:00,228,,,44217,0,0,0,213,National/ https://coronavirus.tas.gov.au/facts/cases-and-testing-updates,
NSW,21/06/2020,20:00,3151,,,734699,46,0,0,2771,media release,
NT,22/06/2020,08:30,29,,,11533,0,0,0,29,https://coronavirus.nt.gov.au/current-status,
VIC,22/06/2020,12:00,1847,,,667000,9,2,2,1701,media release,
NSW,22/06/2020,20:00,3159,,,742962,49,0,0,2771,media release,
NT,23/06/2020,08:30,29,,,11566,0,0,0,29,https://coronavirus.nt.gov.au/current-status,
QLD,23/06/2020,12:00,1066,,,327530,1,0,0,1053,https://www.qld.gov.au/health/conditions/health-alerts/coronavirus-covid-19/current-status/statistics,
ACT,23/06/2020,12:00,108,,26372,,0,0,0,105,https://www.covid19.act.gov.au/,
VIC,23/06/2020,14:16,1864,,,675000,9,3,0,1712,media release,
WA,23/06/2020,14:39,607,,,164147,0,0,0,594,media release,
SA,23/06/2020,15:00,440,,,139000,0,0,0,436,media release,
TAS,23/06/2020,18:00,228,,,45440,0,0,0,213,National/ https://coronavirus.tas.gov.au/facts/cases-and-testing-updates,
NSW,23/06/2020,20:00,3159,,,756240,47,0,0,2771,media release,
VIC,24/06/2020,09:30,1884,20,,696000,7,2,0,1721,media release,
WA,24/06/2020,15:00,607,,,167201,0,0,0,594,media release,
SA,24/06/2020,15:00,440,,,141000,0,0,0,436,media release,
NSW,24/06/2020,20:00,3162,51,,773415,54,0,0,2776,media release,
QLD,25/06/2020,12:00,1066,,,340581,1,0,0,1054,https://www.qld.gov.au/health/conditions/health-alerts/coronavirus-covid-19/current-status/statistics,
WA,25/06/2020,15:40,608,,,171195,0,0,0,595,media release,
VIC,25/06/2020,16:15,1917,,,716000,7,2,0,1732,media release,
NSW,25/06/2020,20:00,3168,,,788693,57,1,0,2782,media release,
VIC,26/06/2020,12:50,1947,,,736000,6,1,0,1742,media release,
WA,26/06/2020,13:47,608,,,174330,0,0,0,595,media release,
QLD,26/06/2020,12:00,1067,,,347610,2,0,0,1054,https://www.qld.gov.au/health/conditions/health-alerts/coronavirus-covid-19/current-status/statistics,
NSW,26/06/2020,20:00,3174,,,810000,58,0,0,2784,media release,
WA,27/06/2020,14:00,608,,,,0,0,0,,media release,
VIC,27/06/2020,15:20,1987,,,758000,5,1,0,1761,media release,
NSW,27/06/2020,20:00,3177,,,830541,49,0,0,2784,media release,
WA,28/06/2020,11:10,609,,,,0,0,0,595,media release,
VIC,28/06/2020,14:15,2028,,,776000,7,1,0,1775,media release,
NSW,28/06/2020,20:00,3184,,,842374,53,0,0,2784,media release,
WA,29/06/2020,15:15,609,,,179326,0,0,0,596,media release,
SA,29/06/2020,15:15,443,,,149000,0,0,0,436,media release,
VIC,29/06/2020,16:30,2099,,,792000,9,1,0,1789,media release,
NSW,29/06/2020,20:00,3189,,,855324,56,0,0,2784,media release,
VIC,30/06/2020,14:00,2159,,,809000,9,1,0,1816,media release,
WA,30/06/2020,14:30,611,,,182513,0,0,0,598,media release,
NSW,30/06/2020,20:00,3203,,,871567,63,1,0,2787,media release,
VIC,01/07/2020,15:00,2231,,,830000,15,2,0,1839,media release,
WA,01/07/2020,15:29,611,,,185850,0,0,0,598,media release,
ACT,01/07/2020,15:31,108,,,30224,0,0,0,105,https://www.covid19.act.gov.au/,
QLD,01/07/2020,12:00,1067,,,370973,1,0,0,1054,https://www.qld.gov.au/health/conditions/health-alerts/coronavirus-covid-19/current-status/statistics,
NSW,01/07/2020,20:00,3211,,,889914,68,1,0,2787,press conference,
NT,02/07/2020,09:00,30,,,13604,0,0,0,29,https://coronavirus.nt.gov.au/current-status,
VIC,02/07/2020,14:25,2303,,,856320,20,4,0,1866,press conference,
NSW,02/07/2020,20:00,3211,,,907762,67,1,0,2789,press conference,
VIC,03/07/2020,11:00,2368,,,880320,23,6,0,1904,press conference,
WA,03/07/2020,14:00,611,,,191213,0,0,0,598,media release,
NSW,03/07/2020,11:00,3216,,,900000,63,1,0,2788,media release,
WA,04/07/2020,14:45,612,,,191213,0,0,0,598,media release,
QLD,04/07/2020,17:00,1067,,,386727,0,0,0,0,https://www.qld.gov.au/health/conditions/health-alerts/coronavirus-covid-19/current-status/statistics,
ACT,04/07/2020,17:00,108,,,31908,0,0,0,105,https://www.covid19.act.gov.au/,
NT,04/07/2020,17:30,31,,,13959,0,0,0,30,https://coronavirus.nt.gov.au/current-status,
VIC,04/07/2020,17:30,2469,,,906500,25,3,0,1938,media release,
NSW,04/07/2020,20:00,3230,,,942432,69,1,0,2799,media release,
WA,05/07/2020,14:58,618,,,,0,0,0,600,media release,
VIC,05/07/2020,15:28,2536,21,,928100,26,3,0,1971,media release,
NSW,05/07/2020,20:00,3240,,,953987,69,1,0,2799,media release,
VIC,06/07/2020,15:30,2660,22,,952000,31,5,0,1992,media release,
SA,06/07/2020,16:30,443,,,161999,0,0,0,436,media release,
WA,06/07/2020,17:00,621,,,196108,0,0,0,600,media release,
NSW,06/07/2020,20:00,3244,,,963733,67,1,0,2798,media release,
VIC,07/07/2020,13:00,2824,,,979000,35,9,0,2028,media release,
QLD,07/07/2020,14:00,1068,,,395027,1,0,0,1055,media release,
NSW,07/07/2020,20:00,3251,,,979060,69,1,0,2797,media release,
VIC,08/07/2020,14:00,2942,,,1008000,41,7,0,2058,media release,
NSW,08/07/2020,14:00,3251,,,979060,69,1,0,2797,media release,
ACT,08/07/2020,14:10,111,,,33115,0,0,0,105,media release,
WA,08/07/2020,14:30,624,,,200887,0,0,0,,media release,
NSW,08/07/2020,20:00,3264,,,997736,74,1,0,2797,media release,
ACT,09/07/2020,14:10,112,,33740,,0,0,0,105,media release,
VIC,09/07/2020,14:15,3098,,,1030000,40,9,0,2142,media release,
WA,09/07/2020,16:50,627,,,203091,0,0,0,602,media release,
NSW,09/07/2020,20:00,3278,,,1007662,77,1,0,2798,media release,
NT,10/07/2020,09:00,32,,,15784,0,0,0,30,https://coronavirus.nt.gov.au/current-status,
ACT,10/07/2020,13:40,113,,,34801,0,0,0,105,media release,
VIC,10/07/2020,17:00,3379,,,1068000,47,12,0,2183,media release,
NSW,10/07/2020,20:00,3285,,,1024110,76,1,0,2799,media release,
VIC,11/07/2020,13:40,3560,23,,1095000,49,15,0,2286,media release,
QLD,11/07/2020,13:40,1070,,,417970,1,0,0,1058,media release,
ACT,11/07/2020,13:40,113,,,35872,0,0,0,105,media release,
WA,11/07/2020,14:10,634,,,,0,0,0,,media release,
VIC,12/07/2020,11:08,3799,24,,,,,,,press conference,
NSW,11/07/2020,20:00,3289,,,1039385,,,,2799,media release,
WA,12/07/2020,14:27,635,,,,,,,604,media release,
ACT,12/07/2020,16:34,113,,36519,,0,0,0,105,media release,
NSW,12/07/2020,20:00,3303,,,1050171,85,1,0,2799,media release,
QLD,13/07/2020,11:39,1071,,,423911,1,0,0,1058,media release,
ACT,13/07/2020,14:16,113,,37120,,0,0,0,105,media release,
WA,13/07/2020,14:23,635,,,209072,0,0,0,606,media release,
VIC,13/07/2020,15:13,3967,,,1148300,72,17,0,2392,media release,
NSW,13/07/2020,20:00,3316,,,1062503,89,1,0,2799,media release,
VIC,14/07/2020,,4224,26,,1170352,85,26,0,2395,press conference,
ACT,14/07/2020,13:00,113,,37443,,0,0,0,105,media release,
WA,14/07/2020,14:16,636,,,209567,0,0,0,606,media release,
NSW,14/07/2020,20:00,3328,,,1080163,89,1,0,2799,media release,
VIC,15/07/2020,11:15,4448,27,,1197300,105,27,0,2488,press conference,
ACT,15/07/2020,14:15,113,,38572,,0,0,0,105,media release,
WA,15/07/2020,16:00,644,,,214685,0,0,0,606,media release,
NSW,15/07/2020,20:00,3338,,,1102999,89,1,0,2799,media release,
ACT,16/07/2020,10:00,113,,39545,,0,0,0,105,media release,
VIC,16/07/2020,11:00,4750,29,,1226000,109,29,0,2591,press conference,
WA,16/07/2020,14:20,646,,,217288,0,0,0,610,media release,
SA,16/07/2020,16:00,444,,,181413,0,0,0,440,media release,
NSW,16/07/2020,20:00,3346,,,1127466,101,1,0,2799,media release,
VIC,17/07/2020,11:45,5165,32,,1250000,122,31,0,2669,press conference,
WA,17/07/2020,17:00,648,,,219758,0,0,0,613,media release,
NSW,17/07/2020,20:00,3361,,,1155168,105,1,0,2799,media release,
VIC,18/07/2020,11:00,5353,35,,1278000,110,25,0,2709,media release,
WA,18/07/2020,14:00,651,,,,0,0,0,617,media release,
NSW,18/07/2020,20:00,3379,,,1181085,,,,2799,media release,
ACT,19/07/2020,13:44,113,,41890,,0,,,105,media release,
WA,19/07/2020,14:18,651,,,,,,,618,media release,
QLD,19/07/2020,12:00,1071,,,459139,1,,,1060,stats page,
SA,19/07/2020,,444,,,188800,0,0,0,440,stats page,
NT,19/07/2020,09:00,32,,,19655,0,0,0,30,stats page,
VIC,19/07/2020,,5696,38,,1305000,130,28,,2819,stats page,
NSW,19/07/2020,20:00,3399,,,1202225,96,2,1,2799,media release,
NT,20/07/2020,09:00,32,,,19907,1,0,0,30,https://coronavirus.nt.gov.au/current-status,
ACT,20/07/2020,12:50,113,,42391,,0,0,0,107,media release,
VIC,20/07/2020,14:00,5942,39,,1331000,147,31,,2933,press conference,
QLD,20/07/2020,14:38,1072,,,461932,2,0,0,1061,media release,
WA,20/07/2020,15:22,651,,,224717,1,0,0,622,media release,
NSW,20/07/2020,20:00,3410,,,1218155,90,2,0,2799,media release,
NT,21/07/2020,09:00,32,,,20026,1,0,0,30,https://coronavirus.nt.gov.au/current-status,
VIC,21/07/2020,11:00,6289,42,,1361238,174,36,,3078,press conference,
ACT,21/07/2020,12:11,113,,42610,,0,0,0,107,media release,
WA,21/07/2020,17:00,651,,,227546,1,0,0,625,media release,
QLD,21/07/2020,17:00,1072,,,466479,2,0,0,1061,media release,
TAS,21/07/2020,18:00,229,,,61680,1,0,0,213,media release,
NSW,21/07/2020,20:00,3425,,,1236620,91,2,1,2799,media release,
NT,22/07/2020,09:00,32,,,20348,1,0,0,30,https://coronavirus.nt.gov.au/current-status,
VIC,22/07/2020,11:00,6739,44,,1385964,205,40,0,3184,press conference,
ACT,22/07/2020,14:05,113,,43965,,0,0,0,107,media release,
QLD,22/07/2020,15:26,1073,,,474333,2,0,0,1062,media release,
WA,22/07/2020,17:32,651,,,230402,0,0,0,626,media release,
SA,22/07/2020,17:00,446,,,195000,0,0,0,441,media release,
TAS,22/07/2020,17:00,229,,,61680,1,0,0,213,media release,
NSW,22/07/2020,20:00,3444,,,1261260,94,1,1,2799,media release,
VIC,23/07/2020,11:05,7125,49,,1413100,201,40,0,3298,media release,
QLD,23/07/2020,12:00,1074,,,482473,2,0,0,1063,media release,
ACT,23/07/2020,12:30,113,,45294,,0,0,0,109,media release,
WA,23/07/2020,15:30,654,,,232977,0,0,0,631,media release,
SA,23/07/2020,17:00,447,,,199500,0,0,0,441,media release,
NSW,23/07/2020,20:00,3451,,,1297429,96,3,1,2799,media release,
QLD,24/07/2020,12:00,1076,,,489894,2,0,0,1063,media release,
ACT,24/07/2020,13:45,113,,46102,,0,0,0,109,media release,
VIC,24/07/2020,16:00,7405,56,,1437200,206,41,0,3450,media release,
NSW,24/07/2020,20:00,3465,,,1327964,97,4,1,2799,media release,
VIC,25/07/2020,12:45,7744,61,,1457546,229,42,0,3529,media release,
WA,25/07/2020,15:00,656,,,,0,0,0,642,media release,
NSW,25/07/2020,20:00,3479,,,1353103,99,4,1,,media release,
VIC,26/07/2020,11:25,8181,71,,1500500,228,42,,3680,press conference,
ACT,26/07/2020,12:19,113,,,47804,0,0,0,109,media release,
WA,26/07/2020,14:10,658,,,,0,0,0,644,media release,
ACT,27/07/2020,11:38,113,,48127,,0,0,0,109,media release,
WA,27/07/2020,13:33,658,,,241439,0,0,0,647,media release,
VIC,27/07/2020,15:30,8696,77,,1518000,245,44,,3817,media release,
NSW,27/07/2020,20:00,3510,,,1391144,101,5,1,2800,media release,
VIC,28/07/2020,11:45,9049,83,,1536600,260,45,,3937,media release,
ACT,28/07/2020,12:45,113,,48573,,0,0,0,109,media release,
WA,28/07/2020,15:00,659,,,243279,0,0,0,647,media release,
NSW,28/07/2020,20:00,3529,,,1409687,100,5,1,2800,media release,
VIC,29/07/2020,12:00,9304,92,,1554000,307,41,,4123,press conference,
WA,29/07/2020,13:30,661,,,246178,0,0,0,647,media release,
QLD,29/07/2020,16:20,1079,,,518517,4,0,0,1065,media release,
NSW,29/07/2020,20:00,3547,,,1436834,100,5,1,2800,media release,
VIC,30/07/2020,11:00,9998,105,,1574600,312,34,,4259,press conference,
WA,30/07/2020,15:30,665,,,248677,0,0,0,650,media release,
QLD,30/07/2020,16:46,1082,,,526768,5,0,0,1065,media release,
SA,30/07/2020,17:00,449,,,233500,0,0,0,441,media release,
NSW,30/07/2020,20:00,3567,,,1462155,102,8,4,2800,media release,
VIC,31/07/2020,11:00,10577,113,,1608400,349,36,,4479,media release,
QLD,31/07/2020,13:00,1083,,,535844,5,0,0,1066,media release,
WA,31/07/2020,16:30,666,,,249789,0,0,0,650,media release,
NT,31/07/2020,16:30,33,,,24078,1,0,0,31,https://coronavirus.nt.gov.au/current-status,
SA,31/07/2020,17:00,450,,,,0,0,0,441,media release,
NSW,31/07/2020,20:00,3567,52,,1485618,107,9,4,2800,media release,
NT,01/08/2020,09:45,34,,,24538,1,0,0,31,https://coronavirus.nt.gov.au/current-status,
VIC,01/08/2020,11:30,10931,116,,1633900,379,41,24,4696,media release,
QLD,01/08/2020,12:00,1084,,,529547,6,0,0,1066,media release,
WA,01/08/2020,15:00,668,,,249789,0,0,0,624,media release,
QLD,02/08/2020,12:30,1085,,,560607,7,0,0,1066,media release,
NSW,02/08/2020,12:30,3595,,,1508040,107,9,4,2802,media release,
ACT,02/08/2020,13:20,113,,,52526,0,0,0,110,media release,
WA,02/08/2020,14:10,641,,,249789,0,0,0,624,media release,
VIC,02/08/2020,15:06,11557,123,,,385,38,0,4915,media release,
SA,02/08/2020,21:00,453,,,,0,0,0,443,media release,
NSW,02/08/2020,20:00,3608,,,1526863,95,8,5,,media release,
ACT,03/08/2020,12:16,113,,,53069,0,0,,110,media release,
WA,03/08/2020,13:52,641,,,257582,0,0,0,626,media release,
VIC,03/08/2020,15:13,11937,136,,1676953,416,35,,5111,press conference,
SA,03/08/2020,17:00,455,,,250000,0,0,0,443,media release,
NSW,03/08/2020,20:00,3620,,,1539739,110,6,5,,media release,
VIC,04/08/2020,11:15,12335,147,,1697953,456,38,,5283,press conference,
ACT,04/08/2020,12:29,113,,53565,,0,0,0,110,media release,
WA,04/08/2020,15:03,641,,,259625,0,0,0,626,media release,
SA,04/08/2020,17:00,456,,,252000,0,0,0,,media release,
NSW,04/08/2020,20:00,3631,,,1561826,113,9,6,,media release,
VIC,05/08/2020,12:00,13035,162,,,538,42,,,press conference,
QLD,05/08/2020,12:00,1088,,,595001,5,0,0,1069,media release,
WA,05/08/2020,15:00,642,,,263076,0,0,0,626,media release,
SA,05/08/2020,17:00,456,,,258000,0,0,0,444,media release,
NSW,05/08/2020,20:00,3643,,,1589861,104,10,4,,media release,
ACT,06/08/2020,11:43,113,,55115,,0,0,0,110,media release,
VIC,06/08/2020,12:30,13469,170,,1746900,575,42,,5628,press conference,
WA,06/08/2020,14:19,642,,,266214,0,0,0,626,media release,
NSW,06/08/2020,20:00,3653,,,1617799,109,10,5,,media release,
ACT,07/08/2020,11:59,113,,56106,,,,,110,media release,
VIC,07/08/2020,12:35,13867,181,,1771900,607,41,,5829,press conference,
WA,07/08/2020,14:00,642,,,268742,0,0,0,627,media release,
SA,07/08/2020,17:00,459,,,270500,0,0,0,445,media release,
NSW,07/08/2020,20:00,3662,,,1642220,107,9,6,,media release,
VIC,08/08/2020,11:15,14283,193,,1759900,636,44,,,press conference,
QLD,08/08/2020,13:00,1088,,,656876,4,0,0,1071,media release,
WA,08/08/2020,14:30,642,,,,0,0,0,628,media release,
NSW,09/08/2020,11:00,3672,,,1673901,11,8,0,,media release,
VIC,09/08/2020,11:45,14569,210,,1801300,634,43,0,6378,media release,
ACT,09/08/2020,12:36,113,,,,0,0,0,110,media release,
NSW,09/08/2020,20:00,3686,,,1693821,111,8,,,media release,
VIC,10/08/2020,09:20,14957,228,,1820598,640,48,,6642,media release,
ACT,10/08/2020,13:59,113,,57534,,0,0,0,110,media release,
WA,10/08/2020,17:01,642,,,274560,0,0,0,630,media release,
QLD,10/08/2020,17:23,1089,,,677300,4,0,0,1072,media release,
NSW,10/08/2020,20:00,3708,,,1707078,117,8,6,,media release,
VIC,11/08/2020,08:55,15251,246,,1854688,650,47,24,6889,media release,
ACT,11/08/2020,14:55,113,,,,0,0,,110,media release,
WA,11/08/2020,15:06,642,,,276579,0,0,0,630,media release,
NSW,11/08/2020,20:00,3726,,,1727182,133,8,7,,media release,
VIC,12/08/2020,09:00,15646,267,,1874615,662,43,25,7271,media release,
TAS,12/08/2020,17:00,230,,,74961,0,0,0,214,media release,
NSW,12/08/2020,20:00,3738,53,,1751803,135,7,6,,media release,
VIC,13/08/2020,09:00,15863,275,,1895566,664,37,,7493,media release,
ACT,13/08/2020,12:55,113,,62424,,0,0,,110,media release,
WA,13/08/2020,13:43,644,,,283004,0,0,0,632,media release,
NSW,13/08/2020,20:00,3747,,,1781498,131,6,5,,media release,
VIC,14/08/2020,08:54,16234,289,,1914400,659,41,26,7842,media release,
ACT,14/08/2020,14:16,113,,63518,,0,0,0,110,media release,
QLD,14/08/2020,14:30,1092,,,716420,3,0,0,1076,media release,
WA,14/08/2020,14:51,645,,,285068,0,0,0,632,media release,
NSW,14/08/2020,20:00,3756,,,1808887,129,7,5,,media release,
VIC,15/08/2020,08:55,16517,293,,,,,,,DHHS Twitter,
ACT,15/08/2020,12:24,113,,64715,,,,,110,media release,
WA,15/08/2020,14:30,646,,,,,,,632,media release,
NSW,15/08/2020,20:00,3761,54,,1832980,119,5,5,,media release,
ACT,16/08/2020,12:00,113,,64895,,,,,110,media release,
VIC,16/08/2020,12:00,16764,309,,1959300,662,40,0,8570,media release,
NT,16/08/2020,12:30,34,,30369,,,,,34,https://coronavirus.nt.gov.au/current-status,
WA,16/08/2020,14:30,646,,,,,,,633,media release,
SA,16/08/2020,15:00,461,,,320500,0,0,0,450,media release,
NSW,16/08/2020,20:00,3768,,,1843786,117,7,5,,media release,
VIC,17/08/2020,08:30,17027,334,,1975000,657,44,32,9023,press conference,
WA,17/08/2020,15:00,646,,,291398,0,0,0,633,media release,
NSW,17/08/2020,20:00,3770,,,1857522,122,7,5,,media release,
VIC,18/08/2020,09:00,17238,351,,1992725,665,45,,9413,media release,
WA,18/08/2020,14:17,647,,,293292,,,,633,media release,
NSW,18/08/2020,20:00,3777,,,1876936,115,8,5,,media release,
VIC,19/08/2020,08:54,17446,363,,2008630,675,44,,9729,media release,
QLD,19/08/2020,12:00,1092,,,747180,3,0,0,1079,media release,
WA,19/08/2020,14:50,651,,,296802,0,0,0,633,media release,
NSW,19/08/2020,20:00,3782,,,1905703,111,8,5,,media release,
VIC,20/08/2020,09:30,17683,376,,2028909,622,43,28,12334,press conference,
QLD,20/08/2020,12:00,1093,,,756977,5,0,0,1081,media release,
NSW,20/08/2020,20:00,3783,,,1938283,111,7,6,,media release,
VIC,21/08/2020,09:00,17852,385,,2050000,626,40,25,12940,media release,
ACT,21/08/2020,11:52,113,,69132,,0,0,0,110,media release,
NSW,21/08/2020,20:00,3792,,,1969093,97,7,5,,media release,
VIC,22/08/2020,09:31,18034,398,,,,,,,DHHS Twitter,
ACT,22/08/2020,12:00,113,,69804,,,,,110,media release,
WA,22/08/2020,13:54,651,,,301716,,,,633,media release,
NSW,22/08/2020,20:00,3796,,,1995573,90,7,5,,media release,
VIC,23/08/2020,10:10,18231,415,,2091328,585,32,,13708,media release,
ACT,23/08/2020,11:56,113,,70134,,0,0,0,110,media release,
WA,23/08/2020,13:10,652,,,301716,,,,634,media release,
QLD,23/08/2020,14:20,1105,,,782421,15,0,0,1082,media release,
SA,23/08/2020,17:00,463,,,349000,0,0,0,456,media release,
NSW,23/08/2020,20:00,3799,,,2016293,89,7,5,,media release,
VIC,24/08/2020,09:16,18330,430,,2106139,629,31,17,14077,media release,
WA,24/08/2020,16:00,653,,,307797,0,0,0,635,media release,
QLD,24/08/2020,16:00,1106,,,289255,15,0,0,1082,media release,
NSW,24/08/2020,20:00,3802,54,,,84,7,4,,media release,
VIC,25/08/2020,08:54,18464,438,,2119199,617,35,,14288,media release,
ACT,25/08/2020,13:06,113,,71393,,,,,110,media release,
NSW,25/08/2020,20:00,3808,,,2052542,72,7,4,,media release,
VIC,26/08/2020,09:09,18608,462,,2132679,578,39,16,14572,media release,
ACT,26/08/2020,12:41,113,,72344,,0,0,0,110,media release,
WA,26/08/2020,13:18,653,,,332185,0,0,0,636,media release,
QLD,26/08/2020,14:00,1108,,,818170,14,0,0,1083,media release,
VIC,27/08/2020,09:00,18714,485,,2158149,532,29,0,14837,press conference,
NSW,26/08/2020,20:00,3817,,,2082715,74,6,4,,media release,
VIC,28/08/2020,10:20,18822,496,,2178012,513,29,0,,media release,
NSW,27/08/2020,20:00,3830,,,2112997,69,6,4,,media release,
ACT,28/08/2020,12:00,113,,73960,,0,,,110,media release,
WA,28/08/2020,14:36,655,,,337403,,,,637,media release,
NSW,28/08/2020,20:00,3844,,,2137629,67,6,4,,media release,
VIC,29/08/2020,08:29,18903,513,,2196126,482,26,,15324,DHHS Twitter,
WA,29/08/2020,15:23,655,,,,,,,637,DHHS Twitter,
NSW,29/08/2020,20:00,3851,,,2157255,66,6,3,,media release,
VIC,30/08/2020,11:00,19015,524,,2210447,472,25,,15580,media release,
WA,30/08/2020,13:30,655,,,,0,0,0,641,media release,
NSW,30/08/2020,20:00,3861,,,2171487,66,6,4,,media release,
VIC,31/08/2020,10:30,19080,565,,2224887,453,21,13,15814,press conference,
QLD,31/08/2020,12:00,1122,,,859789,18,0,0,1084,media release,
WA,31/08/2020,13:30,655,,,345214,0,0,0,641,media release,
NSW,31/08/2020,20:00,3874,,,2186302,73,6,3,,media release,
VIC,01/09/2020,09:00,19138,570,,2235040,421,20,,15967,media release,
WA,01/09/2020,13:18,655,,,348335,0,0,0,641,media release,
QLD,01/09/2020,13:30,1124,,,903278,18,0,0,1084,media release,
NSW,01/09/2020,20:00,3890,,,2206385,75,5,3,,media release,
VIC,02/09/2020,08:30,19224,576,,2248952,406,18,,16152,media release,
QLD,02/09/2020,12:00,1126,,,921429,16,0,0,1084,media release,
NSW,02/09/2020,20:00,3902,,,2235992,86,6,3,,media release,
VIC,03/09/2020,11:00,19336,591,,2331261,361,20,15,16370,media release,
QLD,03/09/2020,12:00,1128,,,935702,18,0,0,1086,media release,
NSW,03/09/2020,20:00,3910,,,2259161,87,7,4,,media release,
VIC,04/09/2020,10:00,19415,650,,2356292,329,20,0,,media release,
NSW,04/09/2020,20:00,3915,,,2289500,94,6,4,,media release,
VIC,05/09/2020,16:00,19479,661,,2372112,298,21,,16784,media release,
QLD,05/09/2020,12:00,1129,,,960993,14,0,0,1089,media release,
SA,05/09/2020,17:00,464,,,397000,,,,459,media release,
NSW,05/09/2020,20:00,3925,,,2328026,90,7,4,,media release,
VIC,06/09/2020,09:00,19538,666,,2390450,283,19,,16921,media release,
QLD,06/09/2020,12:00,1131,,,967055,13,0,0,1089,media release,
WA,06/09/2020,13:00,656,,,,,,,644,media release,
NSW,06/09/2020,20:00,3929,,,2338155,83,7,4,,media release,
VIC,07/09/2020,09:00,19574,675,,2403388,266,25,,17056,media release,
QLD,07/09/2020,12:00,1133,,,971209,15,0,0,1089,media release,
NSW,07/09/2020,20:00,3937,,,2350649,79,7,3,,media release,
WA,07/09/2020,15:00,657,,,364864,0,0,0,644,media release,
VIC,08/09/2020,08:50,19615,683,,2412092,238,22,,17175,media release,
ACT,08/09/2020,14:26,113,,84122,,0,0,0,110,media release,
QLD,08/09/2020,15:10,1134,,,978869,12,,,,media release,
WA,08/09/2020,15:24,658,,,368130,,,,644,media release,
SA,08/09/2020,17:00,465,,,404500,,,,461,media release,
NSW,08/09/2020,20:00,3946,,,2371501,88,6,3,,media release,
VIC,09/09/2020,08:20,19688,694,,2428778,196,20,,17311,media release,
QLD,09/09/2020,09:45,1143,,,990944,,,,1091,media release,
NSW,09/09/2020,20:00,3953,,,2396261,86,6,4,,media release,
VIC,10/09/2020,08:30,19728,701,,2443583,169,17,11,17484,media release,
ACT,10/09/2020,12:15,113,,85667,,0,,,110,media release,
NSW,10/09/2020,20:00,3963,,,2446201,83,6,4,,media release,
WA,10/09/2020,14:10,659,,,375910,0,0,0,646,media release,
VIC,11/09/2020,10:00,19767,710,,2456924,140,12,,17661,media release,
ACT,11/09/2020,13:00,113,,,,0,0,0,110,media release,
NSW,11/09/2020,20:00,3968,,,2466412,84,6,4,,media release,
VIC,12/09/2020,12:50,19800,716,,2471377,126,9,0,17771,media release,
QLD,12/09/2020,13:40,1149,,,1017965,,,,31,media release,
NSW,12/09/2020,20:00,3977,,,2480838,83,6,3,,media release,
VIC,13/09/2020,14:30,19835,723,,2488773,116,11,,,media release,
NSW,13/09/2020,20:00,3981,,,2490154,81,6,3,,media release,
VIC,14/09/2020,09:00,19872,729,,2497710,122,12,7,18006,media release,
ACT,14/09/2020,15:36,113,,87346,,0,0,0,110,media release,
WA,14/09/2020,14:47,659,,,384601,,,,646,media release,
NSW,14/09/2020,20:00,3987,,,2498989,86,6,3,,media release,
VIC,15/09/2020,08:31,19911,,,2505513,118,11,,18079,media release,
QLD,15/09/2020,12:00,1150,,,1030765,9,0,0,1111,media release,
WA,15/09/2020,13:03,659,,,387613,0,0,0,646,media release,
ACT,15/09/2020,13:07,113,,87777,,0,0,0,110,media release,
NSW,15/09/2020,20:00,3996,,,2518555,92,5,3,,media release,
VIC,16/09/2020,14:26,19943,737,,2520887,107,11,,18153,media release,
WA,16/09/2020,15:30,660,,,390273,0,0,0,646,media release,
NSW,16/09/2020,20:00,4001,,,2538966,86,4,3,,media release,
VIC,17/09/2020,09:00,19970,745,,2535134,97,12,,18217,media release,
ACT,17/09/2020,14:05,113,,88646,,0,,,110,media release,
WA,17/09/2020,13:07,661,,,392908,,,,648,media release,
NSW,17/09/2020,20:00,4007,,,2555809,,,,,media release,
VIC,18/09/2020,10:13,20012,750,,2551044,90,11,,18278,media release,
WA,18/09/2020,15:32,661,,,395402,,,,649,media release,
NSW,18/09/2020,20:48,4009,,,2571048,83,4,2,,media release,
VIC,19/09/2020,14:54,20034,757,,2562996,89,8,0,18379,media release,
NSW,19/09/2020,20:00,4011,55,,2584683,78,2,1,,media release,
VIC,20/09/2020,10:00,20042,761,,2575457,94,8,,,media release,
WA,20/09/2020,13:00,662,,,,0,0,0,650,media release,
NSW,20/09/2020,20:00,4015,,,2592448,75,2,1,,media release,
VIC,21/09/2020,09:00,20051,763,,2582621,92,6,,18597,media release,
ACT,21/09/2020,12:00,113,,90075,,0,0,0,110,media release,
QLD,21/09/2020,12:00,1153,,,1067786,4,0,0,1124,media release,
WA,21/09/2020,15:40,662,,,398198,,,,650,media release,
NSW,21/09/2020,20:00,4017,,,2600064,77,3,1,,media release,
VIC,22/09/2020,08:59,20076,766,,2593744,83,8,,18628,Media release,
WA,22/09/2020,16:30,665,,,402667,0,0,0,650,media release,
NSW,22/09/2020,21:40,4023,,,2616823,74,3,1,,media release,
VIC,23/09/2020,08:15,20100,771,,2609485,75,8,,18713,media release,
NSW,23/09/2020,20:00,4024,,,2634215,71,2,0,,media release,
VIC,24/09/2020,09:00,20105,773,,2622822,67,8,0,18738,media release,
QLD,24/09/2020,12:00,1153,,,1084841,2,0,0,1125,media release,
SA,24/09/2020,17:00,468,,,453500,0,0,0,462,media release,
WA,24/09/2020,19:00,668,,,407307,0,0,0,650,media release,
NSW,24/09/2020,20:00,4028,,,2647901,71,2,0,,media release,
VIC,25/09/2020,09:00,20118,781,,2635282,58,8,0,18794,media release,
NSW,26/09/2020,11:00,4029,,,2660159,72,3,0,,media release,
QLD,26/09/2020,12:22,1156,,,,,,,1141,media release,
VIC,26/09/2020,17:11,20129,782,,2651309,53,9,0,18842,media release,
WA,26/09/2020,19:42,669,,,410171,,,,650,media release,
NSW,26/09/2020,20:00,4029,,,2672392,,,,,media release,
QLD,27/09/2020,11:46,1157,,,,,,,1141,media release,
WA,27/09/2020,13:26,676,,,410171,,,,651,media release,
VIC,27/09/2020,14:42,20145,784,,2661989,51,9,,18901,media release,
NSW,27/09/2020,20:00,4029,,,2678745,63,3,0,,media release,
VIC,28/09/2020,08:36,20149,787,,2668796,49,8,,18942,DHHS Twitter,
WA,28/09/2020,14:06,676,,,410171,,,,653,media release,
NSW,28/09/2020,20:00,4031,,,2685126,55,3,0,,media release,
VIC,29/09/2020,09:00,20158,794,,2677022,46,5,0,18978,media release,
WA,29/09/2020,17:30,684,,,413446,,,,,media release,
NSW,29/09/2020,20:00,4035,,,2698701,50,3,,,media release,
VIC,30/09/2020,08:30,20171,798,,,,,,,media release,
WA,30/09/2020,16:19,684,,,418773,,,,653,media release,
NSW,30/09/2020,20:00,4038,,,2711773,50,3,0,,media release,
VIC,01/10/2020,09:00,20183,800,,2709668,38,6,,,media release,
WA,01/10/2020,14:00,685,,,422862,0,0,0,654,media release,
NSW,01/10/2020,20:00,4042,,,2723116,48,2,0,,media release,
VIC,02/10/2020,09:00,20191,802,,2722218,38,4,,,media release,
NSW,02/10/2020,20:00,4043,,,2733450,,,,,,
VIC,03/10/2020,13:00,20197,805,,2733499,34,4,,19091,media release,
NSW,03/10/2020,20:00,4045,,,2741755,51,3,,,media release,
WA,03/10/2020,13:30,686,,,425925,,,,657,media release,
VIC,04/10/2020,08:50,20209,806,,2745493,31,3,,19102,DHHS Twitter,
WA,04/10/2020,14:14,686,,,,,,,660,media release,
NSW,04/10/2020,20:00,4046,,,2746544,52,3,0,,media release,
VIC,05/10/2020,14:26,20220,,,2754516,30,3,,19126,media release,
WA,05/10/2020,15:42,687,,,430897,,,,,media release,
NSW,05/10/2020,20:00,4057,,,2751929,50,3,0,,media release,
VIC,06/10/2020,16:00,20233,807,,2763802,21,1,,19149,media release,
QLD,06/10/2020,12:00,1160,,,1133933,6,1,,1148,media release,
SA,06/10/2020,17:00,472,,,483000,0,0,0,465,media release,
NSW,06/10/2020,20:00,4060,,,2757899,54,3,,,media release,
VIC,07/10/2020,10:00,20237,809,,2780231,16,2,,19162,media release,
WA,07/10/2020,14:30,688,,,437264,0,0,0,670,media release,
ACT,07/10/2020,16:15,113,,,,0,,,110,media release,
NSW,07/10/2020,20:00,4072,,,2770397,51,1,,,media release,
VIC,08/10/2020,08:31,20247,,,2795529,17,1,,19174,media release,
ACT,08/10/2020,13:33,113,,97181,,,,,110,media release,
WA,08/10/2020,13:40,690,,,439993,,,,670,media release,
NSW,08/10/2020,20:00,4082,,,2783265,52,2,,,media release,
VIC,09/10/2020,15:00,20257,,,2811114,17,1,,19192,media release,
WA,09/10/2020,17:29,692,,,442299,0,0,0,670,media release,
SA,09/10/2020,18:00,473,,,492500,,,,466,media release,
NSW,09/10/2020,20:00,4084,,,2798704,56,1,,,media release,
VIC,10/10/2020,15:00,20269,,,2827761,21,1,,19207,media release,
NSW,10/10/2020,20:00,4088,,,2811527,,,,,media release,
ACT,11/10/2020,12:56,113,,98345,,0,0,,110,media release,
WA,11/10/2020,15:08,694,,,442299,,,,670,media release,
VIC,11/10/2020,15:36,20281,810,,2840686,21,0,0,19218,media release,
SA,11/10/2020,17:00,475,,,497000,0,0,0,466,media release,
NSW,11/10/2020,20:00,4094,,,2818918,54,1,0,,media release,
VIC,12/10/2020,08:40,20295,,,2850794,21,0,0,19229,media release,
QLD,12/10/2020,12:00,1161,,,1159560,3,0,,,media release,
WA,12/10/2020,17:00,696,,,447449,0,0,0,671,media release,
NSW,12/10/2020,20:00,4106,,,2827527,59,1,,,media release,
VIC,13/10/2020,08:57,20305,811,,2858995,23,0,0,19243,media release,
ACT,13/10/2020,13:35,113,,99331,,0,0,0,110,media release,
WA,13/10/2020,15:30,703,,,449527,0,0,0,676,media release,
SA,13/10/2020,16:00,476,,,502101,0,0,0,468,media release,
NSW,13/10/2020,20:00,4121,,,2843545,62,1,0,,media release,
VIC,14/10/2020,09:00,20311,816,,,,,,,media release,
WA,14/10/2020,16:01,704,,,545044,,,,676,media release,
ACT,14/10/2020,17:18,113,,99760,,0,0,0,,media release,
SA,14/10/2020,18:00,479,,,504500,0,0,0,469,media release,
NSW,14/10/2020,20:00,4132,,,2859347,69,1,0,,media release,
WA,15/10/2020,15:30,709,,,456375,0,0,0,676,media release,
QLD,15/10/2020,12:00,1162,,,1174703,1,0,0,1154,media release,
VIC,15/10/2020,16:00,20315,,,2890495,21,0,0,19259,media release,
NSW,15/10/2020,20:00,4137,,,2875738,71,1,,,media release,
QLD,15/10/2020,14:00,1164,,,1179441,2,0,0,1194,media release,
VIC,16/10/2020,16:30,20317,,,2906876,14,0,0,19279,media release,
NSW,16/10/2020,20:00,4144,,,2890116,68,0,0,,media release,
VIC,17/10/2020,15:00,20317,,,2925810,13,0,,19287,media release,
SA,17/10/2020,17:00,482,,,513500,0,0,0,472,media release,
WA,17/10/2020,17:30,711,,,458327,,,,683,media release,
NSW,17/10/2020,20:00,4149,,,2903101,73,1,0,,media release,
WA,18/10/2020,15:25,714,,,458327,,,,,media release,
VIC,18/10/2020,15:49,20315,,,2944356,12,0,,19295,media release,
NSW,18/10/2020,20:00,4153,,,2910053,69,1,0,,media release,
VIC,19/10/2020,08:37,20319,817,,2955149,12,0,0,19299,media release,
SA,19/10/2020,17:00,484,,,517500,0,0,0,472,media release,
NSW,19/10/2020,20:00,4158,,,2917454,64,1,0,,media release,
VIC,20/10/2020,15:30,20320,,,2967085,11,0,0,19313,media release,
NSW,20/10/2020,20:00,4167,,,2932386,72,1,0,,media release,
WA,21/10/2020,16:51,739,,,469045,0,0,0,690,media release,
VIC,21/10/2020,17:04,20323,,,2984494,10,0,0,19329,media release,
NSW,21/10/2020,20:00,4174,,,2947715,75,0,0,,media release,
VIC,22/10/2020,15:26,20329,,,3002936,9,0,0,19340,media release,
WA,22/10/2020,16:52,747,,,469045,,,,690,media release,
NSW,22/10/2020,20:00,4181,,,2961401,80,0,0,,media release,
QLD,23/10/2020,12:00,1167,,,1207967,4,0,0,1155,media release,
VIC,23/10/2020,16:00,20330,,,3022364,8,0,0,19346,media release,
WA,23/10/2020,17:00,753,,,473120,0,0,0,692,media release,
SA,23/10/2020,17:00,487,,,528500,0,0,0,473,media release,
NSW,23/10/2020,20:00,4186,,,2974291,74,0,0,,media release,
WA,24/10/2020,15:00,757,,,,0,0,0,692,media release,
VIC,24/10/2020,16:30,20336,,,3039583,8,0,0,19354,media release,
NSW,24/10/2020,20:00,4193,,,2986756,77,0,0,,media release,
VIC,25/10/2020,16:53,20343,,,3052477,7,0,0,19359,media release,
WA,25/10/2020,17:00,760,,,,0,0,0,694,media release,
NSW,25/10/2020,20:00,4197,,,2994203,80,0,0,,media release,
VIC,26/10/2020,08:19,20343,,,,,,,,DHHS Twitter,
ACT,26/10/2020,12:25,114,,,,0,0,0,110,media release,
WA,26/10/2020,14:06,762,,,478376,,,,700,media release,
VIC,26/10/2020,16:37,20341,,,3066501,7,0,0,19366,media release,
NSW,26/10/2020,20:00,4209,,,3000641,77,1,0,,media release,
VIC,27/10/2020,13:39,20341,,,3081980,5,0,,19370,media release,
WA,27/10/2020,14:45,764,,,480530,0,0,0,700,media release,
NSW,27/10/2020,20:00,4217,,,3015023,77,1,0,,media release,
VIC,28/10/2020,09:00,20342,819,,3106653,3,0,0,19376,media release,
WA,28/10/2020,14:50,765,,,483274,0,0,0,706,media release,
QLD,28/10/2020,12:00,1169,,,1224099,3,0,,1157,media release,
NSW,28/10/2020,20:00,4222,,,3029253,75,1,,,media release,
VIC,29/10/2020,15:00,20344,,,3130788,5,0,0,19382,media release,
WA,29/10/2020,17:47,766,,,486041,0,0,0,708,media release,
NSW,29/10/2020,20:00,4228,,,3042039,71,1,1,,media release,
ACT,30/10/2020,11:29,114,,106601,,0,0,0,111,media release,
VIC,30/10/2020,14:30,20347,,,3154371,5,0,0,19381,media release,
WA,30/10/2020,18:13,767,,,,,,,712,media release,
NSW,30/10/2020,20:00,4232,,,3055173,73,1,1,,media release,
VIC,31/10/2020,14:00,20347,,,3174221,2,0,0,19457,media release,
WA,31/10/2020,17:00,768,,,487990,0,0,0,715,media release,
WA,01/11/2020,13:05,769,,,487990,,,,718,media release,
VIC,01/11/2020,12:00,20346,,,3190219,2,0,0,19466,media release,
NSW,01/11/2020,20:00,4243,,,3077355,76,1,0,,media release,
VIC,02/11/2020,15:28,20345,,,3203175,2,0,0,19477,media release,
WA,02/11/2020,17:15,770,,,493613,0,0,0,722,media release,
NSW,02/11/2020,20:00,4246,,,3085905,75,1,1,,media release,
QLD,03/11/2020,13:54,1175,,,1245093,3,0,0,1163,media release,
ACT,03/11/2020,12:04,114,,108043,,0,0,0,111,media release,
VIC,03/11/2020,15:00,20345,,,3216016,2,0,0,19488,media release,
WA,03/11/2020,16:25,770,,,495932,,,,738,media release,
NSW,03/11/2020,20:00,4254,,,3102941,70,1,1,,media release,
ACT,04/11/2020,12:34,114,,108568,,,,,111,media release,
VIC,04/11/2020,14:17,20345,,,3233373,2,0,,19496,media release,
QLD,04/11/2020,14:24,1177,,,1250335,8,0,0,1163,media release,
WA,04/11/2020,15:45,771,,,497944,,,,748,media release,
NSW,04/11/2020,20:00,4256,,,3121407,68,1,1,,media release,
VIC,05/11/2020,13:47,20345,,,3246852,2,0,0,19506,media release,
WA,05/11/2020,17:00,775,,,499753,0,0,0,750,media release,
NSW,05/11/2020,20:00,4265,,,3138899,69,1,1,,media release,
VIC,06/11/2020,14:00,20345,,,3265523,2,0,0,19511,media release,
WA,06/11/2020,17:01,776,,,501428,,,,751,media release,
NSW,06/11/2020,20:00,4270,,,3153596,65,1,1,,media release,
VIC,07/11/2020,09:00,20345,,,3282437,2,0,0,19518,media release,
NSW,07/11/2020,20:00,4273,,,3167317,63,1,0,,media release,
VIC,08/11/2020,09:00,20345,,,3299302,2,0,0,19522,media release,
WA,08/11/2020,17:00,776,,,,0,0,0,757,media release,
SA,08/11/2020,17:00,515,,,572000,0,0,0,492,media release,
NSW,08/11/2020,20:00,4280,,,3176816,63,1,0,,media release,
VIC,09/11/2020,12:00,20345,,,3309955,2,0,0,19522,media release,
NSW,09/11/2020,20:00,4285,,,3186874,70,0,0,,media release,
VIC,10/11/2020,11:30,20345,,,3322910,2,0,0,19522,media release,
WA,10/11/2020,14:14,778,,,508425,,,,757,media release,
ACT,10/11/2020,12:54,114,,110964,,0,0,0,111,media release,
NSW,10/11/2020,11:00,4289,,,3207460,71,0,0,,media release,
ACT,11/11/2020,12:41,114,,111643,,0,0,0,111,media release,
WA,11/11/2020,14:32,780,,,510727,,,,757,media release,
VIC,11/11/2020,14:45,20345,,,3342896,2,0,0,19522,media release,
SA,11/11/2020,17:00,519,,,579000,0,0,0,498,media release,
NSW,11/11/2020,20:00,4294,,,3230696,71,0,0,,media release,
QLD,12/11/2020,12:00,1182,,,1281637,7,0,0,1164,media release,
VIC,12/11/2020,12:30,20345,,,3363715,2,0,0,19523,media release,
WA,12/11/2020,15:30,783,,,512756,0,0,0,760,media release,
NSW,12/11/2020,20:00,4293,,,3249637,73,0,,,media release,
VIC,13/11/2020,12:51,20345,,,3375716,2,0,0,19523,media release,
ACT,13/11/2020,10:37,114,,112337,,0,0,0,111,media release,
NSW,13/11/2020,11:03,4297,,,3266821,70,0,0,,media release,
VIC,14/11/2020,14:23,20345,,,3390330,2,0,,19523,media release,
SA,14/11/2020,15:00,522,,,586000,,,,501,media release,
NSW,14/11/2020,20:00,4306,,,3284047,72,0,,0,media release,
QLD,15/11/2020,12:00,1185,,,1292903,8,0,0,1171,media release,
WA,15/11/2020,13:00,787,,,514223,0,0,0,,media release,
VIC,15/11/2020,14:10,20345,,,3398653,2,0,0,19523,media release,
SA,15/11/2020,17:00,526,,,589000,1,0,0,503,media release,
NSW,15/11/2020,20:00,4309,,,3291081,64,0,0,,media release,
VIC,16/11/2020,15:00,20345,,,3405348,2,0,0,19523,media release,